-- MySQL dump 10.13  Distrib 5.1.73, for redhat-linux-gnu (i386)
--
-- Host: localhost    Database: dbcms
-- ------------------------------------------------------
-- Server version	5.1.73

/*!40101 SET @OLD_CHARACTER_SET_CLIENT=@@CHARACTER_SET_CLIENT */;
/*!40101 SET @OLD_CHARACTER_SET_RESULTS=@@CHARACTER_SET_RESULTS */;
/*!40101 SET @OLD_COLLATION_CONNECTION=@@COLLATION_CONNECTION */;
/*!40101 SET NAMES utf8 */;
/*!40103 SET @OLD_TIME_ZONE=@@TIME_ZONE */;
/*!40103 SET TIME_ZONE='+00:00' */;
/*!40014 SET @OLD_UNIQUE_CHECKS=@@UNIQUE_CHECKS, UNIQUE_CHECKS=0 */;
/*!40014 SET @OLD_FOREIGN_KEY_CHECKS=@@FOREIGN_KEY_CHECKS, FOREIGN_KEY_CHECKS=0 */;
/*!40101 SET @OLD_SQL_MODE=@@SQL_MODE, SQL_MODE='NO_AUTO_VALUE_ON_ZERO' */;
/*!40111 SET @OLD_SQL_NOTES=@@SQL_NOTES, SQL_NOTES=0 */;

--
-- Table structure for table `adm_access`
--

DROP TABLE IF EXISTS `adm_access`;
/*!40101 SET @saved_cs_client     = @@character_set_client */;
/*!40101 SET character_set_client = utf8 */;
CREATE TABLE `adm_access` (
  `id` bigint(20) unsigned NOT NULL AUTO_INCREMENT,
  `roleId` smallint(6) unsigned NOT NULL DEFAULT '0' COMMENT '角色编号',
  `nodeId` smallint(6) unsigned NOT NULL DEFAULT '0' COMMENT '节点编号',
  PRIMARY KEY (`id`),
  KEY `roleId` (`roleId`) USING BTREE,
  KEY `nodeId` (`nodeId`) USING BTREE
) ENGINE=InnoDB AUTO_INCREMENT=537 DEFAULT CHARSET=utf8 COMMENT='角色和权限点关系（角色权限）表';
/*!40101 SET character_set_client = @saved_cs_client */;

--
-- Dumping data for table `adm_access`
--

LOCK TABLES `adm_access` WRITE;
/*!40000 ALTER TABLE `adm_access` DISABLE KEYS */;
INSERT INTO `adm_access` VALUES (510,2,348),(511,2,353),(512,2,379),(513,1,342),(514,1,344),(515,1,346),(516,1,347),(517,1,363),(518,1,364),(519,1,343),(520,1,383),(521,1,384),(522,1,365),(523,1,348),(524,1,353),(525,1,378),(526,1,379),(527,1,349),(528,1,350),(529,1,351),(530,1,352),(531,1,373),(532,1,374),(533,1,377),(534,1,380),(535,1,381),(536,1,382);
/*!40000 ALTER TABLE `adm_access` ENABLE KEYS */;
UNLOCK TABLES;

--
-- Table structure for table `adm_config`
--

DROP TABLE IF EXISTS `adm_config`;
/*!40101 SET @saved_cs_client     = @@character_set_client */;
/*!40101 SET character_set_client = utf8 */;
CREATE TABLE `adm_config` (
  `id` int(10) unsigned NOT NULL AUTO_INCREMENT,
  `label` varchar(128) NOT NULL,
  `name` varchar(128) NOT NULL,
  `value` varchar(1024) NOT NULL,
  PRIMARY KEY (`id`),
  UNIQUE KEY `name` (`name`)
) ENGINE=InnoDB DEFAULT CHARSET=utf8 COMMENT='配置参数管理表';
/*!40101 SET character_set_client = @saved_cs_client */;

--
-- Dumping data for table `adm_config`
--

LOCK TABLES `adm_config` WRITE;
/*!40000 ALTER TABLE `adm_config` DISABLE KEYS */;
/*!40000 ALTER TABLE `adm_config` ENABLE KEYS */;
UNLOCK TABLES;

--
-- Table structure for table `adm_favorite_menu`
--

DROP TABLE IF EXISTS `adm_favorite_menu`;
/*!40101 SET @saved_cs_client     = @@character_set_client */;
/*!40101 SET character_set_client = utf8 */;
CREATE TABLE `adm_favorite_menu` (
  `id` bigint(20) unsigned NOT NULL AUTO_INCREMENT,
  `userId` int(10) unsigned NOT NULL DEFAULT '0' COMMENT '用户编号',
  `nodeId` smallint(6) unsigned NOT NULL DEFAULT '0' COMMENT '节点编号',
  PRIMARY KEY (`id`),
  KEY `userId` (`userId`) USING BTREE,
  KEY `nodeId` (`nodeId`) USING BTREE
) ENGINE=InnoDB AUTO_INCREMENT=123 DEFAULT CHARSET=utf8 COMMENT='系统用户差用菜单表';
/*!40101 SET character_set_client = @saved_cs_client */;

--
-- Dumping data for table `adm_favorite_menu`
--

LOCK TABLES `adm_favorite_menu` WRITE;
/*!40000 ALTER TABLE `adm_favorite_menu` DISABLE KEYS */;
INSERT INTO `adm_favorite_menu` VALUES (116,1,348),(117,1,353),(118,1,379),(119,0,342),(120,0,344),(121,0,343),(122,0,349);
/*!40000 ALTER TABLE `adm_favorite_menu` ENABLE KEYS */;
UNLOCK TABLES;

--
-- Table structure for table `adm_node`
--

DROP TABLE IF EXISTS `adm_node`;
/*!40101 SET @saved_cs_client     = @@character_set_client */;
/*!40101 SET character_set_client = utf8 */;
CREATE TABLE `adm_node` (
  `id` smallint(6) unsigned NOT NULL AUTO_INCREMENT COMMENT 'id',
  `code` varchar(30) NOT NULL COMMENT 'code',
  `name` varchar(50) NOT NULL COMMENT 'name',
  `status` tinyint(1) unsigned NOT NULL DEFAULT '0' COMMENT 'status',
  `remark` varchar(255) NOT NULL COMMENT 'remark',
  `sort` smallint(6) unsigned NOT NULL DEFAULT '0' COMMENT 'sort',
  `pId` smallint(6) unsigned NOT NULL DEFAULT '0' COMMENT 'pid',
  `level` tinyint(1) unsigned NOT NULL COMMENT 'level',
  `isMenu` tinyint(1) NOT NULL DEFAULT '0' COMMENT '是否是菜单',
  `type` tinyint(1) unsigned NOT NULL DEFAULT '0' COMMENT 'type',
  `module` varchar(64) NOT NULL COMMENT '所属模块',
  `groupId` tinyint(4) unsigned NOT NULL DEFAULT '0' COMMENT '所属菜单组（配置文件）',
  `createTime` int(10) unsigned NOT NULL DEFAULT '0' COMMENT 'createtime',
  `createUid` int(10) unsigned NOT NULL DEFAULT '0' COMMENT 'createrid',
  `updateTime` int(10) unsigned NOT NULL DEFAULT '0' COMMENT 'updatetime',
  `updateUid` int(10) unsigned NOT NULL DEFAULT '0' COMMENT 'updaterid',
  `iconCls` varchar(32) NOT NULL,
  PRIMARY KEY (`id`),
  KEY `level` (`level`) USING BTREE,
  KEY `name` (`code`) USING BTREE,
  KEY `pid` (`pId`) USING BTREE,
  KEY `status` (`status`) USING BTREE
) ENGINE=InnoDB AUTO_INCREMENT=385 DEFAULT CHARSET=utf8 COMMENT='权限节点表';
/*!40101 SET character_set_client = @saved_cs_client */;

--
-- Dumping data for table `adm_node`
--

LOCK TABLES `adm_node` WRITE;
/*!40000 ALTER TABLE `adm_node` DISABLE KEYS */;
INSERT INTO `adm_node` VALUES (342,'node/index','节点管理',0,'',0,370,1,1,0,'节点模块',1,1415325816,1,1434722211,3,'fa-sitemap'),(343,'user/index','账户管理',0,'',0,369,1,1,0,'用户模块',1,1415335304,1,1434850502,3,'fa-user'),(344,'node/create','节点添加',0,'',0,370,1,1,0,'节点模块',1,1415340081,1,1434851749,3,'fa-plus-circle'),(346,'node/edit','节点编辑',1,'',0,370,2,0,0,'节点模块',0,1415341244,1,1415594196,1,'fa-circle-o'),(347,'node/remove','节点删除',1,'1',0,370,2,0,0,'节点模块',0,1415341371,1,1415387014,1,'fa-circle-o'),(348,'setting/change_password','密码修改',0,'',0,372,1,1,0,'设置模块',2,1415341526,1,1434814032,3,'fa-lock'),(349,'role/index','角色管理',0,'',0,367,1,1,0,'角色模块',1,1415349909,1,1434729926,3,'fa-users'),(350,'role/create','添加角色',0,'',0,367,1,0,0,'角色模块',0,1415349952,1,1434696042,3,'fa-circle-o'),(351,'role/edit','编辑角色',1,'1',0,367,2,0,0,'角色模块',0,1415349973,1,1415350065,1,'fa-circle-o'),(352,'role/delete','删除角色',1,'1',0,367,2,0,0,'角色模块',0,1415350013,1,1415350085,1,'fa-circle-o'),(353,'setting/favorite_menu','常用菜单',0,'',0,372,1,1,0,'设置模块',2,1415360080,1,1435029976,3,'fa-circle-o'),(363,'node/disable','禁用节点',1,'',0,370,2,0,0,'节点模块',0,1415387034,1,1415594235,1,'fa-circle-o'),(364,'node/enable','启用节点',1,'',0,370,2,0,0,'节点模块',0,1415387065,1,1415594317,1,'fa-circle-o'),(365,'user/remove','删除用户',1,'',0,369,2,0,0,'用户模块',0,1415416467,1,1415416696,1,'fa-circle-o'),(373,'user/set_role','设置角色',1,'',0,369,2,0,0,'角色模块',0,1415776596,1,1415776596,1,'fa-circle-o'),(377,'role/set_rights','设置权限',1,'',0,367,2,0,0,'角色模块',0,1417511643,1,1417511643,1,'fa-circle-o'),(379,'setting/set_info','修改资料',0,'',0,0,1,1,0,'设置模块',2,1434816067,3,1434816067,3,'fa-circle-o'),(380,'config/index','系统参数',0,'',0,0,1,1,0,'系统参数模块',1,1435028883,3,1435028967,3,'fa-circle-o'),(381,'config/create','创建参数',0,'',0,0,1,0,0,'系统参数模块',1,1435028907,3,1435028953,3,'fa-circle-o'),(382,'config/edit','编辑参数',0,'',0,0,1,0,0,'系统参数模块',1,1435028931,3,1435028931,3,'fa-circle-o'),(383,'user/create','创建系统用户',0,'',0,0,1,0,0,'用户模块',1,1435037980,3,1435042620,0,'fa-user-plus'),(384,'user/edit','系统用户编辑',0,'',0,0,1,0,0,'用户模块',1,1435038031,3,1435038031,3,'fa-circle-o');
/*!40000 ALTER TABLE `adm_node` ENABLE KEYS */;
UNLOCK TABLES;

--
-- Table structure for table `adm_role`
--

DROP TABLE IF EXISTS `adm_role`;
/*!40101 SET @saved_cs_client     = @@character_set_client */;
/*!40101 SET character_set_client = utf8 */;
CREATE TABLE `adm_role` (
  `id` smallint(6) unsigned NOT NULL AUTO_INCREMENT COMMENT 'id',
  `name` varchar(20) NOT NULL COMMENT 'name',
  `pId` smallint(6) unsigned NOT NULL DEFAULT '0' COMMENT 'pid',
  `status` tinyint(1) unsigned NOT NULL DEFAULT '1' COMMENT 'status',
  `remark` varchar(255) NOT NULL COMMENT 'remark',
  `enName` varchar(10) NOT NULL COMMENT 'ename',
  `createTime` int(11) unsigned NOT NULL DEFAULT '0' COMMENT '创建时间',
  `createUid` int(11) unsigned NOT NULL DEFAULT '0' COMMENT '创建者',
  `updateTime` int(11) unsigned NOT NULL DEFAULT '0' COMMENT '更新时间',
  `updateUid` int(11) unsigned NOT NULL DEFAULT '0' COMMENT '更新人',
  PRIMARY KEY (`id`),
  KEY `ename` (`enName`) USING BTREE,
  KEY `parentid` (`pId`) USING BTREE,
  KEY `status` (`status`) USING BTREE
) ENGINE=InnoDB AUTO_INCREMENT=39 DEFAULT CHARSET=utf8 COMMENT='系统角色表';
/*!40101 SET character_set_client = @saved_cs_client */;

--
-- Dumping data for table `adm_role`
--

LOCK TABLES `adm_role` WRITE;
/*!40000 ALTER TABLE `adm_role` DISABLE KEYS */;
INSERT INTO `adm_role` VALUES (1,'超级管理员',0,1,'超级管理员','',1382422809,1,1415445492,1),(2,'系统管理员',0,1,'系统管理员','',1382422809,1,1415445492,1);
/*!40000 ALTER TABLE `adm_role` ENABLE KEYS */;
UNLOCK TABLES;

--
-- Table structure for table `adm_role_user`
--

DROP TABLE IF EXISTS `adm_role_user`;
/*!40101 SET @saved_cs_client     = @@character_set_client */;
/*!40101 SET character_set_client = utf8 */;
CREATE TABLE `adm_role_user` (
  `id` bigint(20) unsigned NOT NULL AUTO_INCREMENT,
  `roleId` smallint(6) unsigned NOT NULL DEFAULT '0' COMMENT '角色编号',
  `userId` int(11) unsigned NOT NULL DEFAULT '0' COMMENT '用户编号',
  PRIMARY KEY (`id`),
  KEY `roleId` (`roleId`) USING BTREE,
  KEY `userId` (`userId`) USING BTREE
) ENGINE=InnoDB AUTO_INCREMENT=70 DEFAULT CHARSET=utf8 COMMENT='角色和用户关系表';
/*!40101 SET character_set_client = @saved_cs_client */;

--
-- Dumping data for table `adm_role_user`
--

LOCK TABLES `adm_role_user` WRITE;
/*!40000 ALTER TABLE `adm_role_user` DISABLE KEYS */;
INSERT INTO `adm_role_user` VALUES (34,1,1396),(68,1,0),(69,2,1);
/*!40000 ALTER TABLE `adm_role_user` ENABLE KEYS */;
UNLOCK TABLES;

--
-- Table structure for table `adm_user`
--

DROP TABLE IF EXISTS `adm_user`;
/*!40101 SET @saved_cs_client     = @@character_set_client */;
/*!40101 SET character_set_client = utf8 */;
CREATE TABLE `adm_user` (
  `id` int(11) unsigned NOT NULL AUTO_INCREMENT COMMENT '当前表用户主键，并非CRM用户表主键',
  `uName` varchar(32) NOT NULL COMMENT '用户名',
  `name` varchar(16) NOT NULL COMMENT '真实姓名',
  `face` varchar(255) NOT NULL COMMENT '头像',
  `enName` varchar(16) NOT NULL COMMENT '英文名',
  `status` tinyint(1) unsigned NOT NULL DEFAULT '1' COMMENT '状态 (1=正常 0=标志删除（禁用）)',
  `createTime` int(11) unsigned NOT NULL COMMENT '创建时间',
  `createUid` int(11) unsigned NOT NULL COMMENT '创建人',
  `lastLoginTime` int(11) unsigned NOT NULL COMMENT '最后登录时间',
  `password` varchar(32) NOT NULL DEFAULT '' COMMENT '用户密码',
  `email` varchar(32) NOT NULL DEFAULT '' COMMENT '用户email地址',
  `mobile` varchar(11) NOT NULL DEFAULT '' COMMENT '用户手机号',
  `updateTime` int(11) unsigned NOT NULL COMMENT '用户信息更新时间',
  PRIMARY KEY (`id`)
) ENGINE=InnoDB AUTO_INCREMENT=2813 DEFAULT CHARSET=utf8 COMMENT='系统用户表';
/*!40101 SET character_set_client = @saved_cs_client */;

--
-- Dumping data for table `adm_user`
--

LOCK TABLES `adm_user` WRITE;
/*!40000 ALTER TABLE `adm_user` DISABLE KEYS */;
INSERT INTO `adm_user` VALUES (0,'root','超级管理员','','root',1,1397638005,0,1435042584,'63a9f0ea7bb98050796b649e85481845','1131915347@qq.com','',1435022120),(1,'admin','系统管理员','','System',1,1397638005,0,1435035351,'63a9f0ea7bb98050796b649e85481845','1131915347@qq.com','',0),(2,'Hong','母洪','','Hong',1,1397638005,0,0,'a97d239f4db146ed1178a18e43bd486b','','',0),(4,'Kux','夏世康','','Kux',1,1397638005,0,0,'a97d239f4db146ed1178a18e43bd486b','','',0),(5,'James','周子杰','','James',1,1397638005,0,1418114924,'a97d239f4db146ed1178a18e43bd486b','','',0),(6,'Json','谢锐','','Json',1,1397638005,0,0,'a97d239f4db146ed1178a18e43bd486b','','',0),(7,'Jaker','曾友军','','Jaker',1,1397638005,0,0,'a97d239f4db146ed1178a18e43bd486b','','',0),(8,'Hoky','洪敦福','','Hoky',1,1397638005,0,0,'a97d239f4db146ed1178a18e43bd486b','','',0),(9,'Jerry','宋旭','','Jerry',1,1397638005,0,0,'a97d239f4db146ed1178a18e43bd486b','','',0),(10,'Charles','张硕','','Charles',1,1397638005,0,0,'a97d239f4db146ed1178a18e43bd486b','','',0),(11,'Rover','甘伟(曾友军)','','Rover',1,1397638005,0,0,'a97d239f4db146ed1178a18e43bd486b','','',0),(12,'Fiona','叶辉','','Fiona',1,1397638005,0,1408081534,'a97d239f4db146ed1178a18e43bd486b','','',0),(13,'Janey','姜媛','','Janey',1,1397638005,0,0,'a97d239f4db146ed1178a18e43bd486b','','',0),(14,'Eleven','徐毅儒','','Eleven',1,1397638005,0,0,'a97d239f4db146ed1178a18e43bd486b','','',0),(15,'Vicky','周雨薇','','Vicky',1,1397638005,0,0,'a97d239f4db146ed1178a18e43bd486b','','',0),(16,'Mark','吴开磊','','Mark',1,1397638005,0,0,'a97d239f4db146ed1178a18e43bd486b','','',0),(17,'Julia','苏丽华','','Julia',1,1397638005,0,0,'a97d239f4db146ed1178a18e43bd486b','','',0),(18,'Kiki','张琦','','Kiki',1,1397638005,0,0,'a97d239f4db146ed1178a18e43bd486b','','',0),(19,'Zhenzhen','李珍增','','Zhenzhen',1,1397638005,0,0,'a97d239f4db146ed1178a18e43bd486b','','',0),(20,'Lara','罗艳','','Lara',1,1397638005,0,0,'a97d239f4db146ed1178a18e43bd486b','','',0),(21,'Lulu','吴小兰','','Lulu',1,1397638005,0,0,'a97d239f4db146ed1178a18e43bd486b','','',0),(22,'Cherry--','杨荔','','Cherry--',1,1397638005,0,0,'a97d239f4db146ed1178a18e43bd486b','','',0),(23,'Lyna','王小燕','','Lyna',1,1397638005,0,0,'a97d239f4db146ed1178a18e43bd486b','','',0),(24,'Janet','张莉华','','Janet',1,1397638005,0,0,'a97d239f4db146ed1178a18e43bd486b','','',0),(25,'Ray','植良军','','Ray',1,1397638005,0,0,'a97d239f4db146ed1178a18e43bd486b','','',0),(26,'Muhong','母洪_','','Muhong',1,1397638005,0,0,'a97d239f4db146ed1178a18e43bd486b','','',0),(27,'Shirley','殷小丽','','Shirley',1,1397638005,0,0,'a97d239f4db146ed1178a18e43bd486b','','',0),(28,'Kali','蒋兴春','','Kali',1,1397638005,0,0,'a97d239f4db146ed1178a18e43bd486b','','',0),(29,'Beryl','柏杨','','Beryl',1,1397638005,0,0,'a97d239f4db146ed1178a18e43bd486b','','',0),(30,'Caty','刘晓玲','','Caty',1,1397638005,0,0,'a97d239f4db146ed1178a18e43bd486b','','',0),(31,'Bella','贾均','','Bella',1,1397638005,0,0,'a97d239f4db146ed1178a18e43bd486b','','',0),(32,'Miranda','唐艳','','Miranda',1,1397638005,0,0,'a97d239f4db146ed1178a18e43bd486b','','',0),(33,'SC_W','龚雪丽','','SC_W',1,1397638005,0,0,'a97d239f4db146ed1178a18e43bd486b','','',0),(34,'Shdou','赵晓华','','Shdou',1,1397638005,0,0,'a97d239f4db146ed1178a18e43bd486b','','',0),(35,'Nice','杨淑婷','','Nice',1,1397638005,0,0,'a97d239f4db146ed1178a18e43bd486b','','',0),(36,'Easy','刘志刚','','Easy',1,1397638005,0,0,'a97d239f4db146ed1178a18e43bd486b','','',0),(37,'Qiu','邱德洪','','Qiu',1,1397638005,0,0,'a97d239f4db146ed1178a18e43bd486b','','',0),(38,'Bill','周游','','Bill',1,1397638005,0,0,'a97d239f4db146ed1178a18e43bd486b','','',0),(39,'Sky','杨华','','Sky',1,1397638005,0,0,'a97d239f4db146ed1178a18e43bd486b','','',0),(40,'Melody','杨艳','','Melody',1,1397638005,0,0,'a97d239f4db146ed1178a18e43bd486b','','',0),(41,'Blue','贾虎','','Blue',1,1397638005,0,0,'a97d239f4db146ed1178a18e43bd486b','','',0),(42,'Lucy','罗文英','','Lucy',1,1397638005,0,0,'a97d239f4db146ed1178a18e43bd486b','','',0),(43,'Dolly','丁桂英','','Dolly',1,1397638005,0,0,'a97d239f4db146ed1178a18e43bd486b','','',0),(44,'lynn','肖世琳','','lynn',1,1397638005,0,0,'a97d239f4db146ed1178a18e43bd486b','','',0),(45,'Sookie','刘晶晶','','Sookie',1,1397638005,0,0,'a97d239f4db146ed1178a18e43bd486b','','',0),(46,'Dora','王霞','','Dora',1,1397638005,0,0,'a97d239f4db146ed1178a18e43bd486b','','',0),(47,'Sara','彭景','','Sara',1,1397638005,0,0,'a97d239f4db146ed1178a18e43bd486b','','',0),(48,'Jessica','沈克茜','','Jessica',1,1397638005,0,0,'a97d239f4db146ed1178a18e43bd486b','','',0),(49,'Mary','项霞','','Mary',1,1397638005,0,0,'a97d239f4db146ed1178a18e43bd486b','','',0),(50,'Willian','王宇浩','','Willian',1,1397638005,0,0,'a97d239f4db146ed1178a18e43bd486b','','',0),(51,'Ada','周颖','','Ada',1,1397638005,0,0,'a97d239f4db146ed1178a18e43bd486b','','',0),(52,'Shane','王元攀','','Shane',1,1397638005,0,0,'a97d239f4db146ed1178a18e43bd486b','','',0),(53,'Leslie','袁小均','','Leslie',1,1397638005,0,0,'a97d239f4db146ed1178a18e43bd486b','','',0),(54,'Mango','郑亚娟','','Mango',1,1397638005,0,0,'a97d239f4db146ed1178a18e43bd486b','','',0),(55,'Justing','周晓伟','','Justing',1,1397638005,0,0,'a97d239f4db146ed1178a18e43bd486b','','',0),(56,'Amy','王月欣','','Amy',1,1397638005,0,0,'a97d239f4db146ed1178a18e43bd486b','','',0),(57,'Iris','肖攀','','Iris',1,1397638005,0,0,'a97d239f4db146ed1178a18e43bd486b','','',0),(58,'Flora','喻亚兰','','Flora',1,1397638005,0,0,'a97d239f4db146ed1178a18e43bd486b','','',0),(59,'Clark','周磊','','Clark',1,1397638005,0,0,'a97d239f4db146ed1178a18e43bd486b','','',0),(60,'Keven','欧平安','','Keven',1,1397638005,0,0,'a97d239f4db146ed1178a18e43bd486b','','',0),(61,'Smile','孙秋菊','','Smile',1,1397638005,0,0,'a97d239f4db146ed1178a18e43bd486b','','',0),(62,'Monkey','陈优祥','','Monkey',1,1397638005,0,0,'a97d239f4db146ed1178a18e43bd486b','','',0),(63,'Dory','刘莉','','Dory',1,1397638005,0,0,'a97d239f4db146ed1178a18e43bd486b','','',0),(64,'Yangtze','阳静','','Yangtze',1,1397638005,0,0,'a97d239f4db146ed1178a18e43bd486b','','',0),(65,'Cicico','谭策','','Cicico',1,1397638005,0,0,'a97d239f4db146ed1178a18e43bd486b','','',0),(66,'Sam','彭多亮','','Sam',1,1397638005,0,0,'a97d239f4db146ed1178a18e43bd486b','','',0),(67,'Jaina','梁莎','','Jaina',1,1397638005,0,0,'a97d239f4db146ed1178a18e43bd486b','','',0),(68,'Peter','黄太刚','','Peter',1,1397638005,0,0,'a97d239f4db146ed1178a18e43bd486b','','',0),(69,'Tiffany','赵欧','','Tiffany',1,1397638005,0,0,'a97d239f4db146ed1178a18e43bd486b','','',0),(70,'Eiffel','罗璐','','Eiffel',1,1397638005,0,0,'a97d239f4db146ed1178a18e43bd486b','','',0),(71,'Wish','董美玲','','Wish',1,1397638005,0,0,'a97d239f4db146ed1178a18e43bd486b','','',0),(72,'Anna','兰敏','','Anna',1,1397638005,0,0,'a97d239f4db146ed1178a18e43bd486b','','',0),(73,'Steapling','李婷','','Steapling',1,1397638005,0,0,'a97d239f4db146ed1178a18e43bd486b','','',0),(74,'Evan','杨诗号','','Evan',1,1397638005,0,0,'a97d239f4db146ed1178a18e43bd486b','','',0),(75,'Edda','文清英','','Edda',1,1397638005,0,0,'a97d239f4db146ed1178a18e43bd486b','','',0),(76,'Daisy','孙利明','','Daisy',1,1397638005,0,0,'a97d239f4db146ed1178a18e43bd486b','','',0),(77,'Simon','范天府','','Simon',1,1397638005,0,0,'a97d239f4db146ed1178a18e43bd486b','','',0),(78,'Money','吴瑶','','Money',1,1397638005,0,0,'a97d239f4db146ed1178a18e43bd486b','','',0),(79,'Phenix','周洪','','Phenix',1,1397638005,0,0,'a97d239f4db146ed1178a18e43bd486b','','',0),(80,'Vic','王合锋','','Vic',1,1397638005,0,0,'a97d239f4db146ed1178a18e43bd486b','','',0),(81,'Younger','杨明','','Younger',1,1397638005,0,0,'a97d239f4db146ed1178a18e43bd486b','','',0),(82,'Cathy','王川','','Cathy',1,1397638005,0,1411012397,'a97d239f4db146ed1178a18e43bd486b','','',0),(83,'Vivian','刘维','','Vivian',1,1397638005,0,0,'a97d239f4db146ed1178a18e43bd486b','','',0),(84,'Seven','蔡晶晶','','Seven',1,1397638005,0,0,'a97d239f4db146ed1178a18e43bd486b','','',0),(85,'Star','柏伟华','','Star',1,1397638005,0,0,'a97d239f4db146ed1178a18e43bd486b','','',0),(86,'Dudu','胡彬如','','Dudu',1,1397638005,0,0,'a97d239f4db146ed1178a18e43bd486b','','',0),(87,'Tony','刘轶','','Tony',1,1397638005,0,0,'a97d239f4db146ed1178a18e43bd486b','','',0),(88,'Danny','段雪松','','Danny',1,1397638005,0,0,'a97d239f4db146ed1178a18e43bd486b','','',0),(89,'Linc','李昌凡','','Linc',1,1397638005,0,0,'a97d239f4db146ed1178a18e43bd486b','','',0),(90,'Lily','陈香文','','Lily',1,1397638005,0,0,'a97d239f4db146ed1178a18e43bd486b','','',0),(91,'Violet1','范敏','','Violet1',1,1397638005,0,0,'a97d239f4db146ed1178a18e43bd486b','','',0),(92,'Guide','顾启龙','','Guide',1,1397638005,0,0,'a97d239f4db146ed1178a18e43bd486b','','',0),(93,'Mimi','何玲燕','','Mimi',1,1397638005,0,0,'a97d239f4db146ed1178a18e43bd486b','','',0),(94,'Sunnie','孙林','','Sunnie',1,1397638005,0,0,'a97d239f4db146ed1178a18e43bd486b','','',0),(95,'SZ_Michelle','唐玲','','SZ_Michelle',1,1397638005,0,0,'a97d239f4db146ed1178a18e43bd486b','','',0),(96,'SZ_Cici','钟金花','','SZ_Cici',1,1397638005,0,0,'a97d239f4db146ed1178a18e43bd486b','','',0),(97,'Cloud','彭姣云','','Cloud',1,1397638005,0,0,'a97d239f4db146ed1178a18e43bd486b','','',0),(98,'Gare','刘旭','','Gare',1,1397638005,0,0,'a97d239f4db146ed1178a18e43bd486b','','',0),(99,'Chopper','林寅开','','Chopper',1,1397638005,0,0,'a97d239f4db146ed1178a18e43bd486b','','',0),(100,'Andy','姚勇','','Andy',1,1397638005,0,0,'a97d239f4db146ed1178a18e43bd486b','','',0),(101,'Obama','杨家元','','Obama',1,1397638005,0,0,'a97d239f4db146ed1178a18e43bd486b','','',0),(102,'Clinton','汤挺峰','','Clinton',1,1397638005,0,0,'a97d239f4db146ed1178a18e43bd486b','','',0),(103,'SZ_Joanna','赵颖林','','SZ_Joanna',1,1397638005,0,0,'a97d239f4db146ed1178a18e43bd486b','','',0),(104,'SZ_Amy','郝永利','','SZ_Amy',1,1397638005,0,0,'a97d239f4db146ed1178a18e43bd486b','','',0),(105,'HZ_Jerry','凌孟平','','HZ_Jerry',1,1397638005,0,0,'a97d239f4db146ed1178a18e43bd486b','','',0),(106,'Henry','吴来贵','','Henry',1,1397638005,0,0,'a97d239f4db146ed1178a18e43bd486b','','',0),(107,'HZ_Emily','辛雪茵','','HZ_Emily',1,1397638005,0,0,'a97d239f4db146ed1178a18e43bd486b','','',0),(108,'Nathan','亓一舟','','Nathan',1,1397638005,0,0,'a97d239f4db146ed1178a18e43bd486b','','',0),(109,'Nic','王恒','','Nic',1,1397638005,0,0,'a97d239f4db146ed1178a18e43bd486b','','',0),(110,'Joyce','田羽佳','','Joyce',1,1397638005,0,0,'a97d239f4db146ed1178a18e43bd486b','','',0),(111,'Edison','潘行正','','Edison',1,1397638005,0,0,'a97d239f4db146ed1178a18e43bd486b','','',0),(112,'Cindy','王秀侠','','Cindy',1,1397638005,0,0,'a97d239f4db146ed1178a18e43bd486b','','',0),(113,'Michel','王永军','','Michel',1,1397638005,0,0,'a97d239f4db146ed1178a18e43bd486b','','',0),(114,'Lissa','胡福文','','Lissa',1,1397638005,0,0,'a97d239f4db146ed1178a18e43bd486b','','',0),(115,'HZ_Alice','黄露洁','','HZ_Alice',1,1397638005,0,0,'a97d239f4db146ed1178a18e43bd486b','','',0),(116,'Aleen','孙佳','','Aleen',1,1397638005,0,0,'a97d239f4db146ed1178a18e43bd486b','','',0),(117,'Helen','林莉','','Helen',1,1397638005,0,0,'a97d239f4db146ed1178a18e43bd486b','','',0),(118,'Jane','杜沿静','','Jane',1,1397638005,0,0,'a97d239f4db146ed1178a18e43bd486b','','',0),(119,'Harmony','鲍荷花','','Harmony',1,1397638005,0,0,'a97d239f4db146ed1178a18e43bd486b','','',0),(120,'Tracy','王香迎','','Tracy',1,1397638005,0,0,'a97d239f4db146ed1178a18e43bd486b','','',0),(121,'Yuki','余沁','','Yuki',1,1397638005,0,0,'a97d239f4db146ed1178a18e43bd486b','','',0),(122,'Michelle','张琰','','Michelle',1,1397638005,0,0,'a97d239f4db146ed1178a18e43bd486b','','',0),(123,'Fly','杨静安','','Fly',1,1397638005,0,0,'a97d239f4db146ed1178a18e43bd486b','','',0),(124,'Ailun','陈剑','','Ailun',1,1397638005,0,0,'a97d239f4db146ed1178a18e43bd486b','','',0),(125,'Christine','王佳','','Christine',1,1397638005,0,0,'a97d239f4db146ed1178a18e43bd486b','','',0),(126,'Tinna','邹卉','','Tinna',1,1397638005,0,1407734630,'a97d239f4db146ed1178a18e43bd486b','','',0),(127,'Lisa','何雪莲','','Lisa',1,1397638005,0,1407734444,'e10adc3949ba59abbe56e057f20f883e','','',0),(128,'May','秦中美','','May',1,1397638005,0,1407737431,'a97d239f4db146ed1178a18e43bd486b','','',0),(129,'Jessi','李燕（流程）','','Jessi',1,1397638005,0,0,'a97d239f4db146ed1178a18e43bd486b','','',0),(130,'Wendy','李洁','','Wendy',1,1397638005,0,0,'a97d239f4db146ed1178a18e43bd486b','','',0),(131,'Tea','查茸','','Tea',1,1397638005,0,0,'a97d239f4db146ed1178a18e43bd486b','','',0),(132,'Yelena','游兰','','Yelena',1,1397638005,0,0,'a97d239f4db146ed1178a18e43bd486b','','',0),(133,'Luna','李娜','','Luna',1,1397638005,0,0,'a97d239f4db146ed1178a18e43bd486b','','',0),(134,'Emma','杨敏','','Emma',1,1397638005,0,0,'a97d239f4db146ed1178a18e43bd486b','','',0),(135,'Hedy','孙诗韵','','Hedy',1,1397638005,0,0,'a97d239f4db146ed1178a18e43bd486b','','',0),(136,'Cary','李鹭','','Cary',1,1397638005,0,0,'a97d239f4db146ed1178a18e43bd486b','','',0),(137,'Abby-','徐清','','Abby-',1,1397638005,0,0,'a97d239f4db146ed1178a18e43bd486b','','',0),(138,'Eason','陈艳','','Eason',1,1397638005,0,0,'a97d239f4db146ed1178a18e43bd486b','','',0),(139,'Chris','贾晓薇','','Chris',1,1397638005,0,0,'a97d239f4db146ed1178a18e43bd486b','','',0),(140,'Arvin','张仁旭','','Arvin',1,1397638005,0,0,'a97d239f4db146ed1178a18e43bd486b','','',0),(141,'Spring','张迎春','','Spring',1,1397638005,0,0,'a97d239f4db146ed1178a18e43bd486b','','',0),(142,'Sunny','董艳红','','Sunny',1,1397638005,0,0,'a97d239f4db146ed1178a18e43bd486b','','',0),(143,'Catherine','孙嘉美','','Catherine',1,1397638005,0,0,'a97d239f4db146ed1178a18e43bd486b','','',0),(144,'Martin','王庞','','Martin',1,1397638005,0,0,'a97d239f4db146ed1178a18e43bd486b','','',0),(145,'Mapple','马红敬','','Mapple',1,1397638005,0,0,'a97d239f4db146ed1178a18e43bd486b','','',0),(146,'BJ_Lulu','李周莲','','BJ_Lulu',1,1397638005,0,0,'a97d239f4db146ed1178a18e43bd486b','','',0),(147,'King','郭骏','','King',1,1397638005,0,0,'a97d239f4db146ed1178a18e43bd486b','','',0),(148,'BJ_Tony','王雷','','BJ_Tony',1,1397638005,0,0,'a97d239f4db146ed1178a18e43bd486b','','',0),(149,'BJ_Shirley','牛琦','','BJ_Shirley',1,1397638005,0,0,'a97d239f4db146ed1178a18e43bd486b','','',0),(150,'BJ_Ada','郑永芳','','BJ_Ada',1,1397638005,0,0,'a97d239f4db146ed1178a18e43bd486b','','',0),(151,'Vincent','王晨光','','Vincent',1,1397638005,0,0,'a97d239f4db146ed1178a18e43bd486b','','',0),(152,'Jack','刘常利','','Jack',1,1397638005,0,0,'a97d239f4db146ed1178a18e43bd486b','','',0),(153,'Jade','朱珊珊','','Jade',1,1397638005,0,0,'a97d239f4db146ed1178a18e43bd486b','','',0),(154,'Judy','段丽娟','','Judy',1,1397638005,0,0,'a97d239f4db146ed1178a18e43bd486b','','',0),(155,'Ride','李卫华','','Ride',1,1397638005,0,0,'a97d239f4db146ed1178a18e43bd486b','','',0),(156,'Zora','黄美香','','Zora',1,1397638005,0,0,'a97d239f4db146ed1178a18e43bd486b','','',0),(157,'Action','许俊美','','Action',1,1397638005,0,0,'a97d239f4db146ed1178a18e43bd486b','','',0),(158,'BJ_Lisa','谢超','','BJ_Lisa',1,1397638005,0,0,'a97d239f4db146ed1178a18e43bd486b','','',0),(159,'Comet','陈惠心','','Comet',1,1397638005,0,0,'a97d239f4db146ed1178a18e43bd486b','','',0),(160,'Veronice','梁静','','Veronice',1,1397638005,0,0,'a97d239f4db146ed1178a18e43bd486b','','',0),(161,'Grace','叶青','','Grace',1,1397638005,0,0,'a97d239f4db146ed1178a18e43bd486b','','',0),(162,'Hillary','郭江吟','','Hillary',1,1397638005,0,0,'a97d239f4db146ed1178a18e43bd486b','','',0),(163,'Vivi','刘明明','','Vivi',1,1397638005,0,0,'a97d239f4db146ed1178a18e43bd486b','','',0),(164,'Molly','刘艳敏','','Molly',1,1397638005,0,0,'a97d239f4db146ed1178a18e43bd486b','','',0),(165,'Lee','李庆','','Lee',1,1397638005,0,0,'a97d239f4db146ed1178a18e43bd486b','','',0),(166,'Luky','陶凯峰','','Luky',1,1397638005,0,0,'a97d239f4db146ed1178a18e43bd486b','','',0),(167,'Erin','张娟荣','','Erin',1,1397638005,0,0,'a97d239f4db146ed1178a18e43bd486b','','',0),(168,'Nancy','池艳培','','Nancy',1,1397638005,0,0,'a97d239f4db146ed1178a18e43bd486b','','',0),(169,'Honey','张佳','','Honey',1,1397638005,0,0,'a97d239f4db146ed1178a18e43bd486b','','',0),(170,'August','龙云','','August',1,1397638005,0,0,'a97d239f4db146ed1178a18e43bd486b','','',0),(171,'Renee','赵蓉','','Renee',1,1397638005,0,0,'a97d239f4db146ed1178a18e43bd486b','','',0),(172,'Eva','贺燕艳','','Eva',1,1397638005,0,0,'a97d239f4db146ed1178a18e43bd486b','','',0),(173,'Sarah*','汪慧','','Sarah*',1,1397638005,0,0,'a97d239f4db146ed1178a18e43bd486b','','',0),(174,'Johoony','蒋礼','','Johoony',1,1397638005,0,0,'a97d239f4db146ed1178a18e43bd486b','','',0),(175,'Stephen','李钦','','Stephen',1,1397638005,0,0,'a97d239f4db146ed1178a18e43bd486b','','',0),(176,'Shangwu','网销公共','','Shangwu',1,1397638005,0,0,'a97d239f4db146ed1178a18e43bd486b','','',0),(178,'Gracia','杨小芳','','Gracia',1,1397638005,0,0,'a97d239f4db146ed1178a18e43bd486b','','',0),(179,'SC_Hi','王凯中','','SC_Hi',1,1397638005,0,0,'a97d239f4db146ed1178a18e43bd486b','','',0),(180,'Yukey','陈燕','','Yukey',1,1397638005,0,0,'a97d239f4db146ed1178a18e43bd486b','','',0),(181,'NEIL','沈宗桢','','NEIL',1,1397638005,0,0,'a97d239f4db146ed1178a18e43bd486b','','',0),(182,'_ALEX','姜玲','','_ALEX',1,1397638005,0,0,'a97d239f4db146ed1178a18e43bd486b','','',0),(183,'soso','肖琨','','soso',1,1397638005,0,0,'a97d239f4db146ed1178a18e43bd486b','','',0),(184,'Yoyo','郑平','','Yoyo',1,1397638005,0,0,'a97d239f4db146ed1178a18e43bd486b','','',0),(185,'Brook','洪秀峰','','Brook',1,1397638005,0,0,'a97d239f4db146ed1178a18e43bd486b','','',0),(186,'sz_Eva','李凤娇','','sz_Eva',1,1397638005,0,0,'a97d239f4db146ed1178a18e43bd486b','','',0),(187,'Ella','张俊俊','','Ella',1,1397638005,0,0,'a97d239f4db146ed1178a18e43bd486b','','',0),(188,'Yan','王岩','','Yan',1,1397638005,0,0,'a97d239f4db146ed1178a18e43bd486b','','',0),(189,'Susan','董芳','','Susan',1,1397638005,0,0,'a97d239f4db146ed1178a18e43bd486b','','',0),(190,'Glorious','陈娟','','Glorious',1,1397638005,0,0,'a97d239f4db146ed1178a18e43bd486b','','',0),(191,'Apple','黄美玲','','Apple',1,1397638005,0,0,'a97d239f4db146ed1178a18e43bd486b','','',0),(192,'Sun','徐曼','','Sun',1,1397638005,0,0,'a97d239f4db146ed1178a18e43bd486b','','',0),(193,'Ice','吴艳','','Ice',1,1397638005,0,0,'a97d239f4db146ed1178a18e43bd486b','','',0),(194,'Rita','张燕','','Rita',1,1397638005,0,0,'a97d239f4db146ed1178a18e43bd486b','','',0),(195,'Betty','王敏','','Betty',1,1397638005,0,0,'a97d239f4db146ed1178a18e43bd486b','','',0),(196,'CQ_Ada','彭海丽','','CQ_Ada',1,1397638005,0,0,'a97d239f4db146ed1178a18e43bd486b','','',0),(197,'Tara','汤宽峰','','Tara',1,1397638005,0,0,'a97d239f4db146ed1178a18e43bd486b','','',0),(198,'Kate','曹婷梅','','Kate',1,1397638005,0,0,'a97d239f4db146ed1178a18e43bd486b','','',0),(199,'Sicily','李雪梅','','Sicily',1,1397638005,0,0,'a97d239f4db146ed1178a18e43bd486b','','',0),(200,'Tom','张代礼','','Tom',1,1397638005,0,0,'a97d239f4db146ed1178a18e43bd486b','','',0),(201,'Dawn','王媛','','Dawn',1,1397638005,0,0,'a97d239f4db146ed1178a18e43bd486b','','',0),(202,'Joanna','周洁','','Joanna',1,1397638005,0,0,'a97d239f4db146ed1178a18e43bd486b','','',0),(203,'Carrie','胡超芳','','Carrie',1,1397638005,0,0,'a97d239f4db146ed1178a18e43bd486b','','',0),(204,'Magic','梁萱','','Magic',1,1397638005,0,0,'a97d239f4db146ed1178a18e43bd486b','','',0),(205,'Nina','卢晓晓','','Nina',1,1397638005,0,0,'a97d239f4db146ed1178a18e43bd486b','','',0),(206,'Beautly','王丹','','Beautly',1,1397638005,0,0,'a97d239f4db146ed1178a18e43bd486b','','',0),(207,'Jachin','秦川','','Jachin',1,1397638005,0,0,'a97d239f4db146ed1178a18e43bd486b','','',0),(208,'Aic','张洁','','Aic',1,1397638005,0,0,'a97d239f4db146ed1178a18e43bd486b','','',0),(209,'Becky','谭英','','Becky',1,1397638005,0,0,'a97d239f4db146ed1178a18e43bd486b','','',0),(210,'Sabrina','曹福','','Sabrina',1,1397638005,0,0,'a97d239f4db146ed1178a18e43bd486b','','',0),(211,'Ben','陈远','','Ben',1,1397638005,0,0,'a97d239f4db146ed1178a18e43bd486b','','',0),(212,'Memory','何颖豪','','Memory',1,1397638005,0,0,'a97d239f4db146ed1178a18e43bd486b','','',0),(213,'Lewis','刘晓彬','','Lewis',1,1397638005,0,0,'a97d239f4db146ed1178a18e43bd486b','','',0),(214,'BJ_Andy','弓伟','','BJ_Andy',1,1397638005,0,0,'a97d239f4db146ed1178a18e43bd486b','','',0),(215,'Nicole','张晓燕','','Nicole',1,1397638005,0,0,'a97d239f4db146ed1178a18e43bd486b','','',0),(216,'Focus','余强','','Focus',1,1397638005,0,0,'a97d239f4db146ed1178a18e43bd486b','','',0),(217,'Clever','肖仁霞','','Clever',1,1397638005,0,0,'a97d239f4db146ed1178a18e43bd486b','','',0),(218,'Sevn','陈鑫','','Sevn',1,1397638005,0,0,'a97d239f4db146ed1178a18e43bd486b','','',0),(219,'Rock','吴震','','Rock',1,1397638005,0,0,'a97d239f4db146ed1178a18e43bd486b','','',0),(220,'sc_Ak','赵洪远','','sc_Ak',1,1397638005,0,0,'a97d239f4db146ed1178a18e43bd486b','','',0),(221,'Kimi','王泽源','','Kimi',1,1397638005,0,0,'a97d239f4db146ed1178a18e43bd486b','','',0),(222,'Shary','刘洪霞','','Shary',1,1397638005,0,0,'a97d239f4db146ed1178a18e43bd486b','','',0),(223,'Jufery','费娇','','Jufery',1,1397638005,0,0,'a97d239f4db146ed1178a18e43bd486b','','',0),(224,'Loly','吴冬菊','','Loly',1,1397638005,0,0,'a97d239f4db146ed1178a18e43bd486b','','',0),(225,'Sunshine','钟霞','','Sunshine',1,1397638005,0,0,'a97d239f4db146ed1178a18e43bd486b','','',0),(226,'coco','郑超','','coco',1,1397638005,0,0,'a97d239f4db146ed1178a18e43bd486b','','',0),(227,'szhelen','徐利华','','szhelen',1,1397638005,0,0,'a97d239f4db146ed1178a18e43bd486b','','',0),(228,'Aobama','张本龙','','Aobama',1,1397638005,0,0,'a97d239f4db146ed1178a18e43bd486b','','',0),(229,'szmartin','尤英秋','','szmartin',1,1397638005,0,0,'a97d239f4db146ed1178a18e43bd486b','','',0),(230,'szbella','曾巧玲','','szbella',1,1397638005,0,0,'a97d239f4db146ed1178a18e43bd486b','','',0),(231,'kevin','张火坤','','kevin',1,1397638005,0,0,'a97d239f4db146ed1178a18e43bd486b','','',0),(232,'szyoyo','姚洋','','szyoyo',1,1397638005,0,0,'a97d239f4db146ed1178a18e43bd486b','','',0),(233,'szedison','王磊','','szedison',1,1397638005,0,0,'a97d239f4db146ed1178a18e43bd486b','','',0),(234,'claus','严润武','','claus',1,1397638005,0,0,'a97d239f4db146ed1178a18e43bd486b','','',0),(235,'jeff','蔡明发','','jeff',1,1397638005,0,0,'a97d239f4db146ed1178a18e43bd486b','','',0),(236,'Red','贾维','','Red',1,1397638005,0,0,'a97d239f4db146ed1178a18e43bd486b','','',0),(237,'shark','张飞龙','','shark',1,1397638005,0,0,'a97d239f4db146ed1178a18e43bd486b','','',0),(238,'kim','邢志强','','kim',1,1397638005,0,0,'a97d239f4db146ed1178a18e43bd486b','','',0),(239,'Hu','胡永杰','','Hu',1,1397638005,0,0,'a97d239f4db146ed1178a18e43bd486b','','',0),(240,'sccindy','李佩遥','','sccindy',1,1397638005,0,0,'a97d239f4db146ed1178a18e43bd486b','','',0),(241,'hzamy','许兰芳','','hzamy',1,1397638005,0,0,'a97d239f4db146ed1178a18e43bd486b','','',0),(242,'Miki','王敏（北京）','','Miki',1,1397638005,0,0,'a97d239f4db146ed1178a18e43bd486b','','',0),(243,'Jason','雷树先','','Jason',1,1397638005,0,0,'a97d239f4db146ed1178a18e43bd486b','','',0),(244,'__ula','颜芳','','__ula',1,1397638005,0,0,'a97d239f4db146ed1178a18e43bd486b','','',0),(245,'Cily','陈茜','','Cily',1,1397638005,0,0,'a97d239f4db146ed1178a18e43bd486b','','',0),(246,'szx','李荣达','','szx',1,1397638005,0,0,'a97d239f4db146ed1178a18e43bd486b','','',0),(247,'max','童建刚','','max',1,1397638005,0,0,'a97d239f4db146ed1178a18e43bd486b','','',0),(248,'robin','胡志严','','robin',1,1397638005,0,0,'a97d239f4db146ed1178a18e43bd486b','','',0),(249,'water','朱亚男','','water',1,1397638005,0,0,'a97d239f4db146ed1178a18e43bd486b','','',0),(250,'john','王鹏','','john',1,1397638005,0,0,'a97d239f4db146ed1178a18e43bd486b','','',0),(251,'SC_Lucy','冯榕欢','','SC_Lucy',1,1397638005,0,0,'a97d239f4db146ed1178a18e43bd486b','','',0),(252,'Rex','袁震','','Rex',1,1397638005,0,0,'a97d239f4db146ed1178a18e43bd486b','','',0),(253,'Michael','全振衡','','Michael',1,1397638005,0,0,'a97d239f4db146ed1178a18e43bd486b','','',0),(254,'dancer','周圆','','dancer',1,1397638005,0,0,'a97d239f4db146ed1178a18e43bd486b','','',0),(255,'Aaliyah','熊丽','','Aaliyah',1,1397638005,0,0,'a97d239f4db146ed1178a18e43bd486b','','',0),(256,'Ken','韩奎','','Ken',1,1397638005,0,0,'a97d239f4db146ed1178a18e43bd486b','','',0),(257,'ruby','孙婧璐','','ruby',1,1397638005,0,0,'a97d239f4db146ed1178a18e43bd486b','','',0),(258,'stefan','庄亮','','stefan',1,1397638005,0,0,'a97d239f4db146ed1178a18e43bd486b','','',0),(259,'cellin','张丽','','cellin',1,1397638005,0,0,'a97d239f4db146ed1178a18e43bd486b','','',0),(260,'foosie','武晓芳','','foosie',1,1397638005,0,0,'a97d239f4db146ed1178a18e43bd486b','','',0),(261,'Elle','刘莎','','Elle',1,1397638005,0,0,'a97d239f4db146ed1178a18e43bd486b','','',0),(262,'wine','尹小平','','wine',1,1397638005,0,0,'a97d239f4db146ed1178a18e43bd486b','','',0),(263,'thera','张晓琴','','thera',1,1397638005,0,0,'a97d239f4db146ed1178a18e43bd486b','','',0),(264,'miko','石小利','','miko',1,1397638005,0,0,'a97d239f4db146ed1178a18e43bd486b','','',0),(265,'BJ_Arvin','郭浩峰','','BJ_Arvin',1,1397638005,0,0,'a97d239f4db146ed1178a18e43bd486b','','',0),(266,'zoe','毛蝉','','zoe',1,1397638005,0,0,'a97d239f4db146ed1178a18e43bd486b','','',0),(267,'Harry','赖海明','','Harry',1,1397638005,0,0,'a97d239f4db146ed1178a18e43bd486b','','',0),(268,'yolanda','邓梦圆','','yolanda',1,1397638005,0,0,'a97d239f4db146ed1178a18e43bd486b','','',0),(269,'CQ_Lily','叶燕','','CQ_Lily',1,1397638005,0,0,'a97d239f4db146ed1178a18e43bd486b','','',0),(270,'BJ_Tom','唐晓辉','','BJ_Tom',1,1397638005,0,0,'a97d239f4db146ed1178a18e43bd486b','','',0),(271,'queena','曾仕香','','queena',1,1397638005,0,0,'a97d239f4db146ed1178a18e43bd486b','','',0),(272,'moon','马萍','','moon',1,1397638005,0,0,'a97d239f4db146ed1178a18e43bd486b','','',0),(273,'SC_Hedy','马龄','','SC_Hedy',1,1397638005,0,0,'a97d239f4db146ed1178a18e43bd486b','','',0),(274,'Jocelyn','张慧惠','','Jocelyn',1,1397638005,0,0,'a97d239f4db146ed1178a18e43bd486b','','',0),(275,'Chloe','李维','','Chloe',1,1397638005,0,0,'a97d239f4db146ed1178a18e43bd486b','','',0),(276,'Suzy','谭茹心','','Suzy',1,1397638005,0,0,'a97d239f4db146ed1178a18e43bd486b','','',0),(277,'HZ_Zoe','曾瑶瑶','','HZ_Zoe',1,1397638005,0,0,'a97d239f4db146ed1178a18e43bd486b','','',0),(278,'fiora','姚惠莉','','fiora',1,1397638005,0,0,'a97d239f4db146ed1178a18e43bd486b','','',0),(279,'george','俞中华','','george',1,1397638005,0,0,'a97d239f4db146ed1178a18e43bd486b','','',0),(280,'CQ_Amy','谭小莉','','CQ_Amy',1,1397638005,0,0,'a97d239f4db146ed1178a18e43bd486b','','',0),(281,'BJ_Sunny','孙丽','','BJ_Sunny',1,1397638005,0,0,'a97d239f4db146ed1178a18e43bd486b','','',0),(282,'sc_eva','范丹','','sc_eva',1,1397638005,0,0,'a97d239f4db146ed1178a18e43bd486b','','',0),(283,'steven','刘国斌','','steven',1,1397638005,0,0,'a97d239f4db146ed1178a18e43bd486b','','',0),(284,'Mike','高兴','','Mike',1,1397638005,0,0,'a97d239f4db146ed1178a18e43bd486b','','',0),(285,'Perry','侯文珍','','Perry',1,1397638005,0,0,'a97d239f4db146ed1178a18e43bd486b','','',0),(286,'Jeffrey','彭肖勇','','Jeffrey',1,1397638005,0,0,'a97d239f4db146ed1178a18e43bd486b','','',0),(287,'Belinda','吕婷婷','','Belinda',1,1397638005,0,0,'a97d239f4db146ed1178a18e43bd486b','','',0),(288,'Zeus','帅文鑫','','Zeus',1,1397638005,0,0,'a97d239f4db146ed1178a18e43bd486b','','',0),(289,'Tj','唐军','','Tj',1,1397638005,0,0,'a97d239f4db146ed1178a18e43bd486b','','',0),(290,'New','刘劲','','New',1,1397638005,0,0,'a97d239f4db146ed1178a18e43bd486b','','',0),(291,'Mag','唐萍','','Mag',1,1397638005,0,0,'a97d239f4db146ed1178a18e43bd486b','','',0),(292,'Brian','徐梦军','','Brian',1,1397638005,0,0,'a97d239f4db146ed1178a18e43bd486b','','',0),(293,'Kerry','廖小丽','','Kerry',1,1397638005,0,0,'a97d239f4db146ed1178a18e43bd486b','','',0),(294,'Dyrus','刘朝阳','','Dyrus',1,1397638005,0,0,'a97d239f4db146ed1178a18e43bd486b','','',0),(295,'Roger','谭桂林','','Roger',1,1397638005,0,0,'a97d239f4db146ed1178a18e43bd486b','','',0),(296,'Leo','刘俊浩','','Leo',1,1397638005,0,0,'a97d239f4db146ed1178a18e43bd486b','','',0),(297,'Susie','杜娇','','Susie',1,1397638005,0,0,'a97d239f4db146ed1178a18e43bd486b','','',0),(298,'Scott','陈俊峰','','Scott',1,1397638005,0,0,'a97d239f4db146ed1178a18e43bd486b','','',0),(299,'Antony','陈凤波','','Antony',1,1397638005,0,0,'a97d239f4db146ed1178a18e43bd486b','','',0),(300,'Lou','钱泽东','','Lou',1,1397638005,0,0,'a97d239f4db146ed1178a18e43bd486b','','',0),(301,'Kitty','向欣','','Kitty',1,1397638005,0,0,'a97d239f4db146ed1178a18e43bd486b','','',0),(302,'Matthew','马昕','','Matthew',1,1397638005,0,0,'a97d239f4db146ed1178a18e43bd486b','','',0),(303,'Miya','徐梦曦','','Miya',1,1397638005,0,0,'a97d239f4db146ed1178a18e43bd486b','','',0),(304,'Sonia','桑英','','Sonia',1,1397638005,0,0,'a97d239f4db146ed1178a18e43bd486b','','',0),(305,'Stacy','王旭丹','','Stacy',1,1397638005,0,0,'a97d239f4db146ed1178a18e43bd486b','','',0),(306,'Akee','谢琪峰','','Akee',1,1397638005,0,0,'a97d239f4db146ed1178a18e43bd486b','','',0),(307,'Rachel','任倩','','Rachel',1,1397638005,0,0,'a97d239f4db146ed1178a18e43bd486b','','',0),(308,'Eli','尹国全','','Eli',1,1397638005,0,0,'a97d239f4db146ed1178a18e43bd486b','','',0),(309,'Irene','王爱玲','','Irene',1,1397638005,0,0,'a97d239f4db146ed1178a18e43bd486b','','',0),(310,'BJ-Ada','孙霄','','BJ-Ada',1,1397638005,0,0,'a97d239f4db146ed1178a18e43bd486b','','',0),(311,'Echo','王洋','','Echo',1,1397638005,0,0,'a97d239f4db146ed1178a18e43bd486b','','',0),(312,'Galen','王云华','','Galen',1,1397638005,0,0,'a97d239f4db146ed1178a18e43bd486b','','',0),(313,'Leisure','刘丽','','Leisure',1,1397638005,0,0,'a97d239f4db146ed1178a18e43bd486b','','',0),(314,'Laney','姚兰','','Laney',1,1397638005,0,0,'a97d239f4db146ed1178a18e43bd486b','','',0),(315,'Taylor','李秀梅','','Taylor',1,1397638005,0,0,'a97d239f4db146ed1178a18e43bd486b','','',0),(316,'Aileen','张琴琴','','Aileen',1,1397638005,0,0,'a97d239f4db146ed1178a18e43bd486b','','',0),(317,'Lucky','李林艳','','Lucky',1,1397638005,0,0,'a97d239f4db146ed1178a18e43bd486b','','',0),(318,'Sindy','李欣','','Sindy',1,1397638005,0,0,'a97d239f4db146ed1178a18e43bd486b','','',0),(319,'Summer','吴善益','','Summer',1,1397638005,0,0,'a97d239f4db146ed1178a18e43bd486b','','',0),(320,'Ann','王旭','','Ann',1,1397638005,0,0,'a97d239f4db146ed1178a18e43bd486b','','',0),(321,'SC_Andy','李琴','','SC_Andy',1,1397638005,0,0,'a97d239f4db146ed1178a18e43bd486b','','',0),(322,'Marcel','刘安天','','Marcel',1,1397638005,0,0,'a97d239f4db146ed1178a18e43bd486b','','',0),(323,'Simona','杨燕京','','Simona',1,1397638005,0,0,'a97d239f4db146ed1178a18e43bd486b','','',0),(324,'Juan','王娟','','Juan',1,1397638005,0,0,'a97d239f4db146ed1178a18e43bd486b','','',0),(325,'Gaby','卞莉','','Gaby',1,1397638005,0,0,'a97d239f4db146ed1178a18e43bd486b','','',0),(326,'Phyllis','张薇','','Phyllis',1,1397638005,0,0,'a97d239f4db146ed1178a18e43bd486b','','',0),(327,'Jonny','钟宇','','Jonny',1,1397638005,0,0,'a97d239f4db146ed1178a18e43bd486b','','',0),(328,'Yuan','庄晓苑','','Yuan',1,1397638005,0,0,'a97d239f4db146ed1178a18e43bd486b','','',0),(329,'Benny','张建明','','Benny',1,1397638005,0,0,'a97d239f4db146ed1178a18e43bd486b','','',0),(330,'Alina','安术辉','','Alina',1,1397638005,0,0,'a97d239f4db146ed1178a18e43bd486b','','',0),(331,'Suger','薛娇','','Suger',1,1397638005,0,0,'a97d239f4db146ed1178a18e43bd486b','','',0),(332,'Ouling','欧玲','','Ouling',1,1397638005,0,0,'a97d239f4db146ed1178a18e43bd486b','','',0),(333,'Linda','陈琳','','Linda',1,1397638005,0,0,'a97d239f4db146ed1178a18e43bd486b','','',0),(334,'Donna','雷化宇','','Donna',1,1397638005,0,0,'a97d239f4db146ed1178a18e43bd486b','','',0),(335,'Angle','杜春梅','','Angle',1,1397638005,0,0,'a97d239f4db146ed1178a18e43bd486b','','',0),(336,'Rena','崔小蔷','','Rena',1,1397638005,0,0,'a97d239f4db146ed1178a18e43bd486b','','',0),(337,'Kara','金焰桦','','Kara',1,1397638005,0,0,'a97d239f4db146ed1178a18e43bd486b','','',0),(338,'Elsie','王姣','','Elsie',1,1397638005,0,0,'a97d239f4db146ed1178a18e43bd486b','','',0),(339,'Adeline','周静','','Adeline',1,1397638005,0,0,'a97d239f4db146ed1178a18e43bd486b','','',0),(340,'Viola','赵珺','','Viola',1,1397638005,0,0,'a97d239f4db146ed1178a18e43bd486b','','',0),(341,'Riva','陈泽利','','Riva',1,1397638005,0,0,'a97d239f4db146ed1178a18e43bd486b','','',0),(342,'Freda','韩玲华','','Freda',1,1397638005,0,0,'a97d239f4db146ed1178a18e43bd486b','','',0),(343,'SC-Lee','李先德','','SC-Lee',1,1397638005,0,0,'a97d239f4db146ed1178a18e43bd486b','','',0),(344,'Beata','张玲','','Beata',1,1397638005,0,0,'a97d239f4db146ed1178a18e43bd486b','','',0),(345,'Emily','刘舒铭','','Emily',1,1397638005,0,0,'a97d239f4db146ed1178a18e43bd486b','','',0),(346,'Bubble','王菲','','Bubble',1,1397638005,0,0,'a97d239f4db146ed1178a18e43bd486b','','',0),(347,'Sophie','张琴','','Sophie',1,1397638005,0,0,'a97d239f4db146ed1178a18e43bd486b','','',0),(348,'Scarlett','李丹','','Scarlett',1,1397638005,0,0,'a97d239f4db146ed1178a18e43bd486b','','',0),(349,'Ivy','吴凤珠','','Ivy',1,1397638005,0,0,'a97d239f4db146ed1178a18e43bd486b','','',0),(350,'SC-Coco','杜霞','','SC-Coco',1,1397638005,0,0,'a97d239f4db146ed1178a18e43bd486b','','',0),(351,'Carol','苏璟','','Carol',1,1397638005,0,0,'a97d239f4db146ed1178a18e43bd486b','','',0),(352,'Alice','周莉','','Alice',1,1397638005,0,0,'a97d239f4db146ed1178a18e43bd486b','','',0),(353,'Nino','蒋尧','','Nino',1,1397638005,0,0,'a97d239f4db146ed1178a18e43bd486b','','',0),(354,'SC-Penny','王莎','','SC-Penny',1,1397638005,0,0,'a97d239f4db146ed1178a18e43bd486b','','',0),(355,'Ally','龚晓燕','','Ally',1,1397638005,0,0,'a97d239f4db146ed1178a18e43bd486b','','',0),(356,'Evol','李游平','','Evol',1,1397638005,0,0,'a97d239f4db146ed1178a18e43bd486b','','',0),(357,'Yaya','杨冬雪','','Yaya',1,1397638005,0,0,'a97d239f4db146ed1178a18e43bd486b','','',0),(358,'Siken','孟渤潮','','Siken',1,1397638005,0,0,'a97d239f4db146ed1178a18e43bd486b','','',0),(359,'SC-Cici','赵英旨','','SC-Cici',1,1397638005,0,0,'a97d239f4db146ed1178a18e43bd486b','','',0),(360,'Elena','林如敏','','Elena',1,1397638005,0,0,'a97d239f4db146ed1178a18e43bd486b','','',0),(361,'Kangkang','康正凤','','Kangkang',1,1397638005,0,0,'a97d239f4db146ed1178a18e43bd486b','','',0),(362,'Doris','刘思汶','','Doris',1,1397638005,0,0,'a97d239f4db146ed1178a18e43bd486b','','',0),(363,'Justin','张洪波','','Justin',1,1397638005,0,0,'a97d239f4db146ed1178a18e43bd486b','','',0),(364,'Sarah','付瑶','','Sarah',1,1397638005,0,0,'a97d239f4db146ed1178a18e43bd486b','','',0),(365,'Shine','李世喆','','Shine',1,1397638005,0,0,'a97d239f4db146ed1178a18e43bd486b','','',0),(366,'ZL-Mary','马瑞','','ZL-Mary',1,1397638005,0,0,'a97d239f4db146ed1178a18e43bd486b','','',0),(367,'Reven','夏洪香','','Reven',1,1397638005,0,0,'a97d239f4db146ed1178a18e43bd486b','','',0),(368,'Juliet','刘娇','','Juliet',1,1397638005,0,0,'a97d239f4db146ed1178a18e43bd486b','','',0),(369,'Joy','张倩','','Joy',1,1397638005,0,0,'a97d239f4db146ed1178a18e43bd486b','','',0),(370,'ZC-Vivian','魏雪梅','','ZC-Vivian',1,1397638005,0,0,'a97d239f4db146ed1178a18e43bd486b','','',0),(371,'Aimee','韩园园','','Aimee',1,1397638005,0,0,'a97d239f4db146ed1178a18e43bd486b','','',0),(372,'Ted','苏子寅','','Ted',1,1397638005,0,0,'a97d239f4db146ed1178a18e43bd486b','','',0),(373,'ZC-Alice','熊晓丽','','ZC-Alice',1,1397638005,0,0,'a97d239f4db146ed1178a18e43bd486b','','',0),(374,'ZC-Amy','赵英霞','','ZC-Amy',1,1397638005,0,0,'a97d239f4db146ed1178a18e43bd486b','','',0),(375,'Shiny','吴莹莹','','Shiny',1,1397638005,0,0,'a97d239f4db146ed1178a18e43bd486b','','',0),(376,'ZC-Emily','尹均利','','ZC-Emily',1,1397638005,0,0,'a97d239f4db146ed1178a18e43bd486b','','',0),(377,'ZC-Cindy','邵妍','','ZC-Cindy',1,1397638005,0,0,'a97d239f4db146ed1178a18e43bd486b','','',0),(378,'Blinder','苏晓平','','Blinder',1,1397638005,0,0,'a97d239f4db146ed1178a18e43bd486b','','',0),(379,'ZC-Wendy','苏胜','','ZC-Wendy',1,1397638005,0,0,'a97d239f4db146ed1178a18e43bd486b','','',0),(380,'志成-Vivian','李小萌','','志成-Vivian',1,1397638005,0,0,'a97d239f4db146ed1178a18e43bd486b','','',0),(381,'Merry','张扬','','Merry',1,1397638005,0,0,'a97d239f4db146ed1178a18e43bd486b','','',0),(382,'Elize','曹丽娜','','Elize',1,1397638005,0,0,'a97d239f4db146ed1178a18e43bd486b','','',0),(383,'Cash','陈超','','Cash',1,1397638005,0,0,'a97d239f4db146ed1178a18e43bd486b','','',0),(384,'Rainbow','孙丹丹','','Rainbow',1,1397638005,0,0,'a97d239f4db146ed1178a18e43bd486b','','',0),(385,'Robert','霍廷喜','','Robert',1,1397638005,0,0,'a97d239f4db146ed1178a18e43bd486b','','',0),(386,'SW-Evan','刘小明','','SW-Evan',1,1397638005,0,0,'a97d239f4db146ed1178a18e43bd486b','','',0),(387,'Lennox','王闫平','','Lennox',1,1397638005,0,0,'a97d239f4db146ed1178a18e43bd486b','','',0),(388,'Sissi','张茜(流程)','','Sissi',1,1397638005,0,0,'a97d239f4db146ed1178a18e43bd486b','','',0),(389,'Rainy','冯浩雨','','Rainy',1,1397638005,0,0,'a97d239f4db146ed1178a18e43bd486b','','',0),(390,'Queenie','贾秋颖','','Queenie',1,1397638005,0,0,'a97d239f4db146ed1178a18e43bd486b','','',0),(391,'SW-Cathy','孙宁宁','','SW-Cathy',1,1397638005,0,0,'a97d239f4db146ed1178a18e43bd486b','','',0),(392,'SW-Echo','应天娇','','SW-Echo',1,1397638005,0,0,'a97d239f4db146ed1178a18e43bd486b','','',0),(393,'Hannah','许美花','','Hannah',1,1397638005,0,0,'a97d239f4db146ed1178a18e43bd486b','','',0),(394,'Mendy','王翠杰','','Mendy',1,1397638005,0,0,'a97d239f4db146ed1178a18e43bd486b','','',0),(395,'SW-Flora','高丽杰','','SW-Flora',1,1397638005,0,0,'a97d239f4db146ed1178a18e43bd486b','','',0),(396,'SW-Fiona','张芳','','SW-Fiona',1,1397638005,0,0,'a97d239f4db146ed1178a18e43bd486b','','',0),(397,'Kathleen','李佳','','Kathleen',1,1397638005,0,0,'a97d239f4db146ed1178a18e43bd486b','','',0),(398,'Angela','郭荣利','','Angela',1,1397638005,0,0,'a97d239f4db146ed1178a18e43bd486b','','',0),(399,'Aaron','杨洪杉','','Aaron',1,1397638005,0,0,'a97d239f4db146ed1178a18e43bd486b','','',0),(400,'Richard','殷罗军','','Richard',1,1397638005,0,0,'a97d239f4db146ed1178a18e43bd486b','','',0),(401,'Constance','刘璐','','Constance',1,1397638005,0,0,'a97d239f4db146ed1178a18e43bd486b','','',0),(402,'Tina','张茜(代理人助理)','','Tina',1,1397638005,0,0,'a97d239f4db146ed1178a18e43bd486b','','',0),(403,'SW-Lucky','卢淑敏','','SW-Lucky',1,1397638005,0,0,'a97d239f4db146ed1178a18e43bd486b','','',0),(404,'ZL-Vincent','姚文新','','ZL-Vincent',1,1397638005,0,0,'a97d239f4db146ed1178a18e43bd486b','','',0),(405,'Dick','张吉勇','','Dick',1,1397638005,0,0,'a97d239f4db146ed1178a18e43bd486b','','',0),(406,'Wester','韦立','','Wester',1,1397638005,0,0,'a97d239f4db146ed1178a18e43bd486b','','',0),(407,'Lion','汤沛东','','Lion',1,1397638005,0,0,'a97d239f4db146ed1178a18e43bd486b','','',0),(408,'Hellen','张爱萍','','Hellen',1,1397638005,0,0,'a97d239f4db146ed1178a18e43bd486b','','',0),(409,'Mia','吴莹','','Mia',1,1397638005,0,0,'a97d239f4db146ed1178a18e43bd486b','','',0),(410,'BJ-Summer','王燕春','','BJ-Summer',1,1397638005,0,0,'a97d239f4db146ed1178a18e43bd486b','','',0),(411,'Shandy','屈姗','','Shandy',1,1397638005,0,0,'a97d239f4db146ed1178a18e43bd486b','','',0),(412,'BJ-Linda','刘伊娜','','BJ-Linda',1,1397638005,0,0,'a97d239f4db146ed1178a18e43bd486b','','',0),(413,'BJ-May','吴丹','','BJ-May',1,1397638005,0,0,'a97d239f4db146ed1178a18e43bd486b','','',0),(414,'BJ-Vivian','吴艳柳','','BJ-Vivian',1,1397638005,0,0,'a97d239f4db146ed1178a18e43bd486b','','',0),(415,'Shrek','侯常喜','','Shrek',1,1397638005,0,0,'a97d239f4db146ed1178a18e43bd486b','','',0),(416,'Winni','伍亚容','','Winni',1,1397638005,0,0,'a97d239f4db146ed1178a18e43bd486b','','',0),(417,'HZ-linda','沈岚','','HZ-linda',1,1397638005,0,0,'a97d239f4db146ed1178a18e43bd486b','','',0),(418,'SZ-Ivy','蔡明驰','','SZ-Ivy',1,1397638005,0,0,'a97d239f4db146ed1178a18e43bd486b','','',0),(419,'Jay','熊英翔','','Jay',1,1397638005,0,0,'a97d239f4db146ed1178a18e43bd486b','','',0),(420,'Frank','纪涛','','Frank',1,1397638005,0,0,'a97d239f4db146ed1178a18e43bd486b','','',0),(421,'Tack','谢科','','Tack',1,1397638005,0,0,'a97d239f4db146ed1178a18e43bd486b','','',0),(422,'Judith','朱文静','','Judith',1,1397638005,0,0,'a97d239f4db146ed1178a18e43bd486b','','',0),(423,'Demy','邓敏','','Demy',1,1397638005,0,0,'a97d239f4db146ed1178a18e43bd486b','','',0),(424,'Jasmine','王莹莹','','Jasmine',1,1397638005,0,0,'a97d239f4db146ed1178a18e43bd486b','','',0),(425,'Jesse','李付军','','Jesse',1,1397638005,0,0,'a97d239f4db146ed1178a18e43bd486b','','',0),(426,'Eve','朱蓓蓓','','Eve',1,1397638005,0,0,'a97d239f4db146ed1178a18e43bd486b','','',0),(427,'Janice','张宇','','Janice',1,1397638005,0,0,'a97d239f4db146ed1178a18e43bd486b','','',0),(428,'Yuna','袁红娟','','Yuna',1,1397638005,0,0,'a97d239f4db146ed1178a18e43bd486b','','',0),(429,'Swelling','肖伟','','Swelling',1,1397638005,0,0,'a97d239f4db146ed1178a18e43bd486b','','',0),(430,'jessie','余艳丽','','jessie',1,1397638005,0,0,'a97d239f4db146ed1178a18e43bd486b','','',0),(431,'kelly','陆佳丽','','kelly',1,1397638005,0,0,'a97d239f4db146ed1178a18e43bd486b','','',0),(432,'Lindsay','李燕（市场）','','Lindsay',1,1397638005,0,0,'a97d239f4db146ed1178a18e43bd486b','','',0),(433,'Whitney','夏滢','','Whitney',1,1397638005,0,0,'a97d239f4db146ed1178a18e43bd486b','','',0),(434,'Violet','郝翔宇','','Violet',1,1397638005,0,0,'a97d239f4db146ed1178a18e43bd486b','','',0),(435,'ZL-Justin','王向晖','','ZL-Justin',1,1397638005,0,0,'a97d239f4db146ed1178a18e43bd486b','','',0),(436,'Ida','高润洁','','Ida',1,1397638005,0,0,'a97d239f4db146ed1178a18e43bd486b','','',0),(437,'Dovin','杜纹','','Dovin',1,1397638005,0,0,'a97d239f4db146ed1178a18e43bd486b','','',0),(438,'Libra','罗莉娟','','Libra',1,1397638005,0,0,'a97d239f4db146ed1178a18e43bd486b','','',0),(439,'Eileen','王玲','','Eileen',1,1397638005,0,0,'a97d239f4db146ed1178a18e43bd486b','','',0),(440,'SC-Joyce','赵青云','','SC-Joyce',1,1397638005,0,0,'a97d239f4db146ed1178a18e43bd486b','','',0),(441,'Hilda','杨加梅','','Hilda',1,1397638005,0,0,'a97d239f4db146ed1178a18e43bd486b','','',0),(442,'Colin','冯科','','Colin',1,1397638005,0,0,'a97d239f4db146ed1178a18e43bd486b','','',0),(443,'Hyman','刘惠涛','','Hyman',1,1397638005,0,0,'a97d239f4db146ed1178a18e43bd486b','','',0),(444,'Tess','戴芝','','Tess',1,1397638005,0,0,'a97d239f4db146ed1178a18e43bd486b','','',0),(445,'Elva','胥菲','','Elva',1,1397638005,0,0,'a97d239f4db146ed1178a18e43bd486b','','',0),(446,'SC-Lewis','徐复兴','','SC-Lewis',1,1397638005,0,0,'a97d239f4db146ed1178a18e43bd486b','','',0),(447,'SZ=Linda','戴婉宜','','SZ=Linda',1,1397638005,0,0,'a97d239f4db146ed1178a18e43bd486b','','',0),(448,'SZ-Linda','戴婉宜','','SZ-Linda',1,1397638005,0,0,'a97d239f4db146ed1178a18e43bd486b','','',0),(449,'Anne','谢艳','','Anne',1,1397638005,0,0,'a97d239f4db146ed1178a18e43bd486b','','',0),(450,'SCjoanna','赖世娟','','SCjoanna',1,1397638005,0,0,'a97d239f4db146ed1178a18e43bd486b','','',0),(451,'kokichi','葛吉燕','','kokichi',1,1397638005,0,0,'a97d239f4db146ed1178a18e43bd486b','','',0),(452,'SC-vivi','夏晓维','','SC-vivi',1,1397638005,0,0,'a97d239f4db146ed1178a18e43bd486b','','',0),(453,'winnie','王海燕','','winnie',1,1397638005,0,0,'a97d239f4db146ed1178a18e43bd486b','','',0),(454,'chiavy','赵佳伟','','chiavy',1,1397638005,0,0,'a97d239f4db146ed1178a18e43bd486b','','',0),(455,'Angel','刘娟','','Angel',1,1397638005,0,0,'a97d239f4db146ed1178a18e43bd486b','','',0),(456,'BJ-Sunshine','刘淑亚','','BJ-Sunshine',1,1397638005,0,0,'a97d239f4db146ed1178a18e43bd486b','','',0),(457,'Sasha','郑贵双','','Sasha',1,1397638005,0,0,'a97d239f4db146ed1178a18e43bd486b','','',0),(458,'Alisa','赵洁','','Alisa',1,1397638005,0,0,'a97d239f4db146ed1178a18e43bd486b','','',0),(459,'Sigmund','蒋振威','','Sigmund',1,1397638005,0,0,'a97d239f4db146ed1178a18e43bd486b','','',0),(460,'Johnson','于文路','','Johnson',1,1397638005,0,0,'a97d239f4db146ed1178a18e43bd486b','','',0),(461,'SC-Aimee','李陈凤','','SC-Aimee',1,1397638005,0,0,'a97d239f4db146ed1178a18e43bd486b','','',0),(462,'Lemon','付琴','','Lemon',1,1397638005,0,0,'a97d239f4db146ed1178a18e43bd486b','','',0),(463,'Dragon','王龙','','Dragon',1,1397638005,0,0,'a97d239f4db146ed1178a18e43bd486b','','',0),(464,'BJ-john','朱年璋','','BJ-john',1,1397638005,0,0,'a97d239f4db146ed1178a18e43bd486b','','',0),(465,'SC-Ann','熊安娜','','SC-Ann',1,1397638005,0,0,'a97d239f4db146ed1178a18e43bd486b','','',0),(466,'kelsi','武芳敏','','kelsi',1,1397638005,0,0,'a97d239f4db146ed1178a18e43bd486b','','',0),(467,'BJ-max','夏彬','','BJ-max',1,1397638005,0,0,'a97d239f4db146ed1178a18e43bd486b','','',0),(468,'BJ-vic','程彬','','BJ-vic',1,1397638005,0,0,'a97d239f4db146ed1178a18e43bd486b','','',0),(469,'Alex','杨云云','','Alex',1,1397638005,0,0,'a97d239f4db146ed1178a18e43bd486b','','',0),(470,'BJ-Hyman','程凯','','BJ-Hyman',1,1397638005,0,0,'a97d239f4db146ed1178a18e43bd486b','','',0),(471,'HZ-Ada','黄嘉盈','','HZ-Ada',1,1397638005,0,0,'a97d239f4db146ed1178a18e43bd486b','','',0),(472,'Butterfly','王春霞','','Butterfly',1,1397638005,0,0,'a97d239f4db146ed1178a18e43bd486b','','',0),(473,'Dq','雷清岚','','Dq',1,1397638005,0,0,'a97d239f4db146ed1178a18e43bd486b','','',0),(474,'Will','杨兴德','','Will',1,1397638005,0,0,'a97d239f4db146ed1178a18e43bd486b','','',0),(475,'Ula','王俊','','Ula',1,1397638005,0,0,'a97d239f4db146ed1178a18e43bd486b','','',0),(476,'Eric','吴小民','','Eric',1,1397638005,0,0,'a97d239f4db146ed1178a18e43bd486b','','',0),(477,'SC-Yolanda','李玉红','','SC-Yolanda',1,1397638005,0,0,'a97d239f4db146ed1178a18e43bd486b','','',0),(478,'Enid','陈柯嵋','','Enid',1,1397638005,0,0,'a97d239f4db146ed1178a18e43bd486b','','',0),(479,'Babsi','刘春碧','','Babsi',1,1397638005,0,0,'a97d239f4db146ed1178a18e43bd486b','','',0),(480,'Luffy',' 邹时进','','Luffy',1,1397638005,0,0,'a97d239f4db146ed1178a18e43bd486b','','',0),(481,'poleon','黄祖华','','poleon',1,1397638005,0,0,'a97d239f4db146ed1178a18e43bd486b','','',0),(482,'Vita','袁梅','','Vita',1,1397638005,0,0,'a97d239f4db146ed1178a18e43bd486b','','',0),(483,'Victor','刘小东','','Victor',1,1397638005,0,0,'a97d239f4db146ed1178a18e43bd486b','','',0),(484,'hero','张阅','','hero',1,1397638005,0,0,'a97d239f4db146ed1178a18e43bd486b','','',0),(485,'highmore','黄海洋','','highmore',1,1397638005,0,0,'a97d239f4db146ed1178a18e43bd486b','','',0),(486,'Jacky','王俊-大客户','','Jacky',1,1397638005,0,0,'a97d239f4db146ed1178a18e43bd486b','','',0),(487,'phoebe','王晓','','phoebe',1,1397638005,0,0,'a97d239f4db146ed1178a18e43bd486b','','',0),(488,'Jemmy','魏建明','','Jemmy',1,1397638005,0,0,'a97d239f4db146ed1178a18e43bd486b','','',0),(489,'BJ-Rex','刘俊超','','BJ-Rex',1,1397638005,0,0,'a97d239f4db146ed1178a18e43bd486b','','',0),(490,'Jenny','严庆','','Jenny',1,1397638005,0,0,'a97d239f4db146ed1178a18e43bd486b','','',0),(491,'Paula','谢琴','','Paula',1,1397638005,0,0,'a97d239f4db146ed1178a18e43bd486b','','',0),(492,'Fay','王婷','','Fay',1,1397638005,0,0,'a97d239f4db146ed1178a18e43bd486b','','',0),(493,'Tall','谢泽浩','','Tall',1,1397638005,0,0,'a97d239f4db146ed1178a18e43bd486b','','',0),(494,'freesia','陈秀菊','','freesia',1,1397638005,0,0,'a97d239f4db146ed1178a18e43bd486b','','',0),(495,'Mio','沈苗','','Mio',1,1397638005,0,0,'a97d239f4db146ed1178a18e43bd486b','','',0),(496,'Lori','廖丽','','Lori',1,1397638005,0,0,'a97d239f4db146ed1178a18e43bd486b','','',0),(497,'poul','廖杰','','poul',1,1397638005,0,0,'a97d239f4db146ed1178a18e43bd486b','','',0),(498,'sharpshooter','徐敏','','sharpshooter',1,1397638005,0,0,'a97d239f4db146ed1178a18e43bd486b','','',0),(499,'Calla','户玉梅','','Calla',1,1397638005,0,0,'a97d239f4db146ed1178a18e43bd486b','','',0),(500,'Cass','帅雪梅','','Cass',1,1397638005,0,0,'a97d239f4db146ed1178a18e43bd486b','','',0),(501,'Feel','夏敏','','Feel',1,1397638005,0,1409710443,'a97d239f4db146ed1178a18e43bd486b','','',0),(502,'Joji','秦丽','','Joji',1,1397638005,0,0,'a97d239f4db146ed1178a18e43bd486b','','',0),(503,'lincy','温亚丽','','lincy',1,1397638005,0,0,'a97d239f4db146ed1178a18e43bd486b','','',0),(504,'Henny','曹红林','','Henny',1,1397638005,0,0,'a97d239f4db146ed1178a18e43bd486b','','',0),(505,'Nora','魏筱敏','','Nora',1,1397638005,0,0,'a97d239f4db146ed1178a18e43bd486b','','',0),(506,'Silence','蒋春义','','Silence',1,1397638005,0,0,'a97d239f4db146ed1178a18e43bd486b','','',0),(507,'Alexa','罗璇','','Alexa',1,1397638005,0,0,'a97d239f4db146ed1178a18e43bd486b','','',0),(508,'siki','刘红艳','','siki',1,1397638005,0,0,'a97d239f4db146ed1178a18e43bd486b','','',0),(509,'kola','许淑倩','','kola',1,1397638005,0,0,'a97d239f4db146ed1178a18e43bd486b','','',0),(510,'Verna',' 黎洋言','','Verna',1,1397638005,0,0,'a97d239f4db146ed1178a18e43bd486b','','',0),(511,'Zizi','罗晨姿','','Zizi',1,1397638005,0,0,'a97d239f4db146ed1178a18e43bd486b','','',0),(512,'trisun','朱春山','','trisun',1,1397638005,0,0,'a97d239f4db146ed1178a18e43bd486b','','',0),(513,'David','吴华华','','David',1,1397638005,0,0,'a97d239f4db146ed1178a18e43bd486b','','',0),(514,'Zona','张幸','','Zona',1,1397638005,0,0,'a97d239f4db146ed1178a18e43bd486b','','',0),(515,'Cassiel','贺金花','','Cassiel',1,1397638005,0,0,'a97d239f4db146ed1178a18e43bd486b','','',0),(516,'faithfulness','杜丹','','faithfulness',1,1397638005,0,0,'a97d239f4db146ed1178a18e43bd486b','','',0),(517,'Rocky','任龙','','Rocky',1,1397638005,0,0,'a97d239f4db146ed1178a18e43bd486b','','',0),(518,'Ling','张玲1','','Ling',1,1397638005,0,0,'a97d239f4db146ed1178a18e43bd486b','','',0),(519,'Amenda','王涛','','Amenda',1,1397638005,0,0,'a97d239f4db146ed1178a18e43bd486b','','',0),(520,'vivien','杨维美','','vivien',1,1397638005,0,0,'a97d239f4db146ed1178a18e43bd486b','','',0),(521,'Dan','杨建辉','','Dan',1,1397638005,0,0,'a97d239f4db146ed1178a18e43bd486b','','',0),(522,'Geoff','王刚','','Geoff',1,1397638005,0,0,'a97d239f4db146ed1178a18e43bd486b','','',0),(523,'sophia','徐蕾','','sophia',1,1397638005,0,0,'a97d239f4db146ed1178a18e43bd486b','','',0),(524,'Bush','康鹏程','','Bush',1,1397638005,0,0,'a97d239f4db146ed1178a18e43bd486b','','',0),(525,'Dylan','陈小刚','','Dylan',1,1397638005,0,0,'a97d239f4db146ed1178a18e43bd486b','','',0),(526,'JEK','陈金林','','JEK',1,1397638005,0,0,'a97d239f4db146ed1178a18e43bd486b','','',0),(527,'Aviva','杨辉','','Aviva',1,1397638005,0,0,'a97d239f4db146ed1178a18e43bd486b','','',0),(528,'Abby','赵栗','','Abby',1,1397638005,0,0,'a97d239f4db146ed1178a18e43bd486b','','',0),(529,'dabbie','彭名月','','dabbie',1,1397638005,0,0,'a97d239f4db146ed1178a18e43bd486b','','',0),(530,'Eline','张靓雯','','Eline',1,1397638005,0,0,'a97d239f4db146ed1178a18e43bd486b','','',0),(531,'Tora','唐荣','','Tora',1,1397638005,0,0,'a97d239f4db146ed1178a18e43bd486b','','',0),(532,'Lyd','龙云冬','','Lyd',1,1397638005,0,0,'a97d239f4db146ed1178a18e43bd486b','','',0),(533,'SW-Blue','陈卫','','SW-Blue',1,1397638005,0,0,'a97d239f4db146ed1178a18e43bd486b','','',0),(534,'BJ-Elena','丁玲','','BJ-Elena',1,1397638005,0,0,'a97d239f4db146ed1178a18e43bd486b','','',0),(535,'Baron','吴昊之','','Baron',1,1397638005,0,0,'a97d239f4db146ed1178a18e43bd486b','','',0),(536,'SC-LEO','肖森文','','SC-LEO',1,1397638005,0,0,'a97d239f4db146ed1178a18e43bd486b','','',0),(537,'HZ-steven','殷骏','','HZ-steven',1,1397638005,0,0,'a97d239f4db146ed1178a18e43bd486b','','',0),(538,'SC-Grace','李玲','','SC-Grace',1,1397638005,0,0,'a97d239f4db146ed1178a18e43bd486b','','',0),(539,'SC-Queena','鲜琼琼','','SC-Queena',1,1397638005,0,0,'a97d239f4db146ed1178a18e43bd486b','','',0),(540,'Lucia','刘露','','Lucia',1,1397638005,0,0,'a97d239f4db146ed1178a18e43bd486b','','',0),(541,'Alma','武园鑫','','Alma',1,1397638005,0,0,'a97d239f4db146ed1178a18e43bd486b','','',0),(542,'maggie ','胡云梦','','maggie ',1,1397638005,0,0,'a97d239f4db146ed1178a18e43bd486b','','',0),(543,'Fox','胡俊卿','','Fox',1,1397638005,0,0,'a97d239f4db146ed1178a18e43bd486b','','',0),(544,'jiunn','吴俊成','','jiunn',1,1397638005,0,0,'a97d239f4db146ed1178a18e43bd486b','','',0),(545,'Athos','杨兴堂','','Athos',1,1397638005,0,0,'a97d239f4db146ed1178a18e43bd486b','','',0),(546,'SZ-Sa','王泽峰','','SZ-Sa',1,1397638005,0,0,'a97d239f4db146ed1178a18e43bd486b','','',0),(547,'Sea','唐海兵','','Sea',1,1397638005,0,0,'a97d239f4db146ed1178a18e43bd486b','','',0),(548,'Erica','胡春燕','','Erica',1,1397638005,0,0,'a97d239f4db146ed1178a18e43bd486b','','',0),(549,'Felicia','袁菲菲','','Felicia',1,1397638005,0,0,'a97d239f4db146ed1178a18e43bd486b','','',0),(550,'Ruth','刘娜1','','Ruth',1,1397638005,0,0,'a97d239f4db146ed1178a18e43bd486b','','',0),(551,'SW-Betty','张欣欣','','SW-Betty',1,1397638005,0,0,'a97d239f4db146ed1178a18e43bd486b','','',0),(552,'Selina','商立娜','','Selina',1,1397638005,0,0,'a97d239f4db146ed1178a18e43bd486b','','',0),(553,'Sherry','朱玉兰','','Sherry',1,1397638005,0,0,'a97d239f4db146ed1178a18e43bd486b','','',0),(554,'Gary','韩蒲','','Gary',1,1397638005,0,0,'a97d239f4db146ed1178a18e43bd486b','','',0),(555,'Alfred','袁野','','Alfred',1,1397638005,0,0,'a97d239f4db146ed1178a18e43bd486b','','',0),(556,'Carlo','谭振','','Carlo',1,1397638005,0,0,'a97d239f4db146ed1178a18e43bd486b','','',0),(557,'Orlando','罗潇','','Orlando',1,1397638005,0,0,'a97d239f4db146ed1178a18e43bd486b','','',0),(558,'BJ-Ann','程垒','','BJ-Ann',1,1397638005,0,0,'a97d239f4db146ed1178a18e43bd486b','','',0),(559,'Insist','杨婷','','Insist',1,1397638005,0,0,'a97d239f4db146ed1178a18e43bd486b','','',0),(560,'SC-Lily','陈莉','','SC-Lily',1,1397638005,0,0,'a97d239f4db146ed1178a18e43bd486b','','',0),(561,'Trust','李兆岭','','Trust',1,1397638005,0,0,'a97d239f4db146ed1178a18e43bd486b','','',0),(562,'leon','杨彦鸿','','leon',1,1397638005,0,0,'a97d239f4db146ed1178a18e43bd486b','','',0),(563,'ZL-Iris','周蕾','','ZL-Iris',1,1397638005,0,0,'a97d239f4db146ed1178a18e43bd486b','','',0),(564,'Tia','丁陆莹','','Tia',1,1397638005,0,0,'a97d239f4db146ed1178a18e43bd486b','','',0),(565,'Insomnia','黄劼','','Insomnia',1,1397638005,0,0,'a97d239f4db146ed1178a18e43bd486b','','',0),(566,'ZL-Emma','郭丽英','','ZL-Emma',1,1397638005,0,0,'a97d239f4db146ed1178a18e43bd486b','','',0),(567,'ZL-Nicole','史晶晶','','ZL-Nicole',1,1397638005,0,0,'a97d239f4db146ed1178a18e43bd486b','','',0),(568,'HZ-paul','王志伟','','HZ-paul',1,1397638005,0,0,'a97d239f4db146ed1178a18e43bd486b','','',0),(569,'Jan','万娟','','Jan',1,1397638005,0,0,'a97d239f4db146ed1178a18e43bd486b','','',0),(570,'SC-Colin','杨生乾','','SC-Colin',1,1397638005,0,0,'a97d239f4db146ed1178a18e43bd486b','','',0),(571,'Anan','宋安琪','','Anan',1,1397638005,0,0,'a97d239f4db146ed1178a18e43bd486b','','',0),(572,'Bear','彭雄','','Bear',1,1397638005,0,0,'a97d239f4db146ed1178a18e43bd486b','','',0),(573,'SZ-Frank','徐宏宇','','SZ-Frank',1,1397638005,0,0,'a97d239f4db146ed1178a18e43bd486b','','',0),(574,'Joel','张嘉妮','','Joel',1,1397638005,0,0,'a97d239f4db146ed1178a18e43bd486b','','',0),(575,'Cherry','涂玉娥','','Cherry',1,1397638005,0,0,'a97d239f4db146ed1178a18e43bd486b','','',0),(576,'Didi','王琳','','Didi',1,1397638005,0,0,'a97d239f4db146ed1178a18e43bd486b','','',0),(577,'andey','邹丽','','andey',1,1397638005,0,0,'a97d239f4db146ed1178a18e43bd486b','','',0),(578,'Yale','杨征','','Yale',1,1397638005,0,0,'a97d239f4db146ed1178a18e43bd486b','','',0),(579,'Claire','鲜江明','','Claire',1,1397638005,0,0,'a97d239f4db146ed1178a18e43bd486b','','',0),(580,'Deccy','万野','','Deccy',1,1397638005,0,0,'a97d239f4db146ed1178a18e43bd486b','','',0),(581,'Duke','何林','','Duke',1,1397638005,0,0,'a97d239f4db146ed1178a18e43bd486b','','',0),(582,'Wind','刘利文','','Wind',1,1397638005,0,0,'a97d239f4db146ed1178a18e43bd486b','','',0),(583,'Amyli','李红梅','','Amyli',1,1397638005,0,0,'a97d239f4db146ed1178a18e43bd486b','','',0),(584,'Xiaoxi','熊晓茜','','Xiaoxi',1,1397638005,0,0,'a97d239f4db146ed1178a18e43bd486b','','',0),(585,'Dream','何姝仪','','Dream',1,1397638005,0,0,'a97d239f4db146ed1178a18e43bd486b','','',0),(586,'Richel','邵瑞','','Richel',1,1397638005,0,0,'a97d239f4db146ed1178a18e43bd486b','','',0),(587,'Bob','邓湖月','','Bob',1,1397638005,0,0,'a97d239f4db146ed1178a18e43bd486b','','',0),(588,'BJ-Cherry','南最','','BJ-Cherry',1,1397638005,0,0,'a97d239f4db146ed1178a18e43bd486b','','',0),(589,'BJ-Jessi','杜中春','','BJ-Jessi',1,1397638005,0,0,'a97d239f4db146ed1178a18e43bd486b','','',0),(590,'Lydia','李娜娜','','Lydia',1,1397638005,0,0,'a97d239f4db146ed1178a18e43bd486b','','',0),(591,'Jall','周继伟','','Jall',1,1397638005,0,0,'a97d239f4db146ed1178a18e43bd486b','','',0),(592,'Erika','柴文娟','','Erika',1,1397638005,0,0,'a97d239f4db146ed1178a18e43bd486b','','',0),(593,'Edward','朱亮亮','','Edward',1,1397638005,0,0,'a97d239f4db146ed1178a18e43bd486b','','',0),(594,'Calen','梁尤龙','','Calen',1,1397638005,0,0,'a97d239f4db146ed1178a18e43bd486b','','',0),(595,'Panda','饶攀','','Panda',1,1397638005,0,0,'a97d239f4db146ed1178a18e43bd486b','','',0),(596,'SC-Zoe','丁雪平','','SC-Zoe',1,1397638005,0,0,'a97d239f4db146ed1178a18e43bd486b','','',0),(597,'Su','舒家顺','','Su',1,1397638005,0,0,'a97d239f4db146ed1178a18e43bd486b','','',0),(598,'Kin','杨旭辉','','Kin',1,1397638005,0,0,'a97d239f4db146ed1178a18e43bd486b','','',0),(599,'HZ-peter','钱济东','','HZ-peter',1,1397638005,0,0,'a97d239f4db146ed1178a18e43bd486b','','',0),(600,'Key','何桂平','','Key',1,1397638005,0,0,'a97d239f4db146ed1178a18e43bd486b','','',0),(601,'Phil','曾鹏飞','','Phil',1,1397638005,0,0,'a97d239f4db146ed1178a18e43bd486b','','',0),(602,'Yangqian','杨倩','','Yangqian',1,1397638005,0,0,'a97d239f4db146ed1178a18e43bd486b','','',0),(603,'Grady','张春双','','Grady',1,1397638005,0,0,'a97d239f4db146ed1178a18e43bd486b','','',0),(604,'Yama','邓洋华','','Yama',1,1397638005,0,0,'a97d239f4db146ed1178a18e43bd486b','','',0),(605,'Toby','洪主赐','','Toby',1,1397638005,0,0,'a97d239f4db146ed1178a18e43bd486b','','',0),(606,'Stone','石吉斌','','Stone',1,1397638005,0,0,'a97d239f4db146ed1178a18e43bd486b','','',0),(607,'Tammy','陈晓春','','Tammy',1,1397638005,0,0,'a97d239f4db146ed1178a18e43bd486b','','',0),(608,'Brentin','刘强','','Brentin',1,1397638005,0,0,'a97d239f4db146ed1178a18e43bd486b','','',0),(609,'Baby','罗茜','','Baby',1,1397638005,0,0,'a97d239f4db146ed1178a18e43bd486b','','',0),(610,'Bess','赵欢','','Bess',1,1397638005,0,0,'a97d239f4db146ed1178a18e43bd486b','','',0),(611,'Jensen','肖翔','','Jensen',1,1397638005,0,0,'a97d239f4db146ed1178a18e43bd486b','','',0),(612,'SC-Apple','胡霞','','SC-Apple',1,1397638005,0,0,'a97d239f4db146ed1178a18e43bd486b','','',0),(613,'Better','蒋丹','','Better',1,1397638005,0,0,'a97d239f4db146ed1178a18e43bd486b','','',0),(614,'UFO','甘琪','','UFO',1,1397638005,0,0,'a97d239f4db146ed1178a18e43bd486b','','',0),(615,'Aimi','文婷','','Aimi',1,1397638005,0,0,'a97d239f4db146ed1178a18e43bd486b','','',0),(616,'HZ-Tina','姜小珍','','HZ-Tina',1,1397638005,0,0,'a97d239f4db146ed1178a18e43bd486b','','',0),(617,'Freeps','房立普','','Freeps',1,1397638005,0,0,'a97d239f4db146ed1178a18e43bd486b','','',0),(618,'Afra','赵阿媛','','Afra',1,1397638005,0,0,'a97d239f4db146ed1178a18e43bd486b','','',0),(619,'Gavin','葛武斌','','Gavin',1,1397638005,0,0,'a97d239f4db146ed1178a18e43bd486b','','',0),(620,'BJ-cathy','逯恒','','BJ-cathy',1,1397638005,0,0,'a97d239f4db146ed1178a18e43bd486b','','',0),(621,'Shirleywen','吴文莉','','Shirleywen',1,1397638005,0,0,'a97d239f4db146ed1178a18e43bd486b','','',0),(622,'Aimar','张心','','Aimar',1,1397638005,0,0,'a97d239f4db146ed1178a18e43bd486b','','',0),(623,'Anita','张君华','','Anita',1,1397638005,0,0,'a97d239f4db146ed1178a18e43bd486b','','',0),(624,'July','朱莉','','July',1,1397638005,0,0,'a97d239f4db146ed1178a18e43bd486b','','',0),(625,'Mumu','甘付郡','','Mumu',1,1397638005,0,0,'a97d239f4db146ed1178a18e43bd486b','','',0),(626,'Terry','卜鹏飞','','Terry',1,1397638005,0,0,'a97d239f4db146ed1178a18e43bd486b','','',0),(627,'Allen','王闯','','Allen',1,1397638005,0,0,'a97d239f4db146ed1178a18e43bd486b','','',0),(628,'Keke','柯红辉','','Keke',1,1397638005,0,0,'a97d239f4db146ed1178a18e43bd486b','','',0),(629,'Popeye','罗浠','','Popeye',1,1397638005,0,0,'a97d239f4db146ed1178a18e43bd486b','','',0),(630,'Jim','巨伟','','Jim',1,1397638005,0,0,'a97d239f4db146ed1178a18e43bd486b','','',0),(631,'Ellis','骆锦安','','Ellis',1,1397638005,0,0,'a97d239f4db146ed1178a18e43bd486b','','',0),(632,'Villa','曾云雷','','Villa',1,1397638005,0,0,'a97d239f4db146ed1178a18e43bd486b','','',0),(633,'SC-Henry','何城钢','','SC-Henry',1,1397638005,0,0,'a97d239f4db146ed1178a18e43bd486b','','',0),(634,'SZ-Tony','张伟','','SZ-Tony',1,1397638005,0,0,'a97d239f4db146ed1178a18e43bd486b','','',0),(635,'SZ-Joy','何小桂','','SZ-Joy',1,1397638005,0,0,'a97d239f4db146ed1178a18e43bd486b','','',0),(636,'HZ-Jaker','李银柱','','HZ-Jaker',1,1397638005,0,0,'a97d239f4db146ed1178a18e43bd486b','','',0),(637,'SZ-Tom','涂志强','','SZ-Tom',1,1397638005,0,0,'a97d239f4db146ed1178a18e43bd486b','','',0),(638,'Katrina','汤光锋','','Katrina',1,1397638005,0,0,'a97d239f4db146ed1178a18e43bd486b','','',0),(639,'ninaz','赵莹','','ninaz',1,1397638005,0,0,'a97d239f4db146ed1178a18e43bd486b','','',0),(640,'SC-Amy','邱云','','SC-Amy',1,1397638005,0,0,'a97d239f4db146ed1178a18e43bd486b','','',0),(641,'Polly','杜蓉艳','','Polly',1,1397638005,0,0,'a97d239f4db146ed1178a18e43bd486b','','',0),(642,'Coline','廖彦淋','','Coline',1,1397638005,0,0,'a97d239f4db146ed1178a18e43bd486b','','',0),(643,'Lillian','李莉','','Lillian',1,1397638005,0,0,'a97d239f4db146ed1178a18e43bd486b','','',0),(644,'Storm','彭永平','','Storm',1,1397638005,0,0,'a97d239f4db146ed1178a18e43bd486b','','',0),(645,'ZL-Ally','胡宬文','','ZL-Ally',1,1397638005,0,0,'a97d239f4db146ed1178a18e43bd486b','','',0),(646,'BJ-Daisy','王晓晖','','BJ-Daisy',1,1397638005,0,0,'a97d239f4db146ed1178a18e43bd486b','','',0),(647,'Karen','戈启森','','Karen',1,1397638005,0,0,'a97d239f4db146ed1178a18e43bd486b','','',0),(648,'BJ-Sindy','崔丽','','BJ-Sindy',1,1397638005,0,0,'a97d239f4db146ed1178a18e43bd486b','','',0),(649,'HZ-Wendy','柴佳佳','','HZ-Wendy',1,1397638005,0,0,'a97d239f4db146ed1178a18e43bd486b','','',0),(650,'Line','赖晓斌','','Line',1,1397638005,0,0,'a97d239f4db146ed1178a18e43bd486b','','',0),(651,'Jony ','张耀洲','','Jony ',1,1397638005,0,0,'a97d239f4db146ed1178a18e43bd486b','','',0),(652,'Rolls','罗秋申','','Rolls',1,1397638005,0,0,'a97d239f4db146ed1178a18e43bd486b','','',0),(653,'Dolphin','董飞','','Dolphin',1,1397638005,0,0,'a97d239f4db146ed1178a18e43bd486b','','',0),(654,'Sasa','何莎莎','','Sasa',1,1397638005,0,0,'a97d239f4db146ed1178a18e43bd486b','','',0),(655,'Cady','张晓宇','','Cady',1,1397638005,0,0,'a97d239f4db146ed1178a18e43bd486b','','',0),(656,'Scard','骆智奇','','Scard',1,1397638005,0,0,'a97d239f4db146ed1178a18e43bd486b','','',0),(657,'Xixi','易茜茜','','Xixi',1,1397638005,0,0,'a97d239f4db146ed1178a18e43bd486b','','',0),(658,'HZ-Monkey','王玮','','HZ-Monkey',1,1397638005,0,0,'a97d239f4db146ed1178a18e43bd486b','','',0),(659,'HZ-Nora','吴琬','','HZ-Nora',1,1397638005,0,0,'a97d239f4db146ed1178a18e43bd486b','','',0),(660,'Krystal','谢欣伶','','Krystal',1,1397638005,0,0,'a97d239f4db146ed1178a18e43bd486b','','',0),(661,'Monica','唐菡','','Monica',1,1397638005,0,0,'a97d239f4db146ed1178a18e43bd486b','','',0),(662,'SC-Ida','文媚','','SC-Ida',1,1397638005,0,0,'a97d239f4db146ed1178a18e43bd486b','','',0),(663,'Landry','薛友飞','','Landry',1,1397638005,0,0,'a97d239f4db146ed1178a18e43bd486b','','',0),(664,'Earth','张化坤','','Earth',1,1397638005,0,0,'a97d239f4db146ed1178a18e43bd486b','','',0),(665,'Beck','蔡尚书','','Beck',1,1397638005,0,0,'a97d239f4db146ed1178a18e43bd486b','','',0),(666,'Sally1','郑立霞','','Sally1',1,1397638005,0,0,'a97d239f4db146ed1178a18e43bd486b','','',0),(667,'Zuzu','朱星','','Zuzu',1,1397638005,0,0,'a97d239f4db146ed1178a18e43bd486b','','',0),(668,'SC-Tom','陆文强','','SC-Tom',1,1397638005,0,0,'a97d239f4db146ed1178a18e43bd486b','','',0),(669,'Penny','李凤萍','','Penny',1,1397638005,0,0,'a97d239f4db146ed1178a18e43bd486b','','',0),(670,'Fruit','崔宏','','Fruit',1,1397638005,0,0,'a97d239f4db146ed1178a18e43bd486b','','',0),(671,'SCLemon','青小苏','','SCLemon',1,1397638005,0,0,'a97d239f4db146ed1178a18e43bd486b','','',0),(672,'Denka','刘佳','','Denka',1,1397638005,0,0,'a97d239f4db146ed1178a18e43bd486b','','',0),(673,'Lingc','陈琳1','','Lingc',1,1397638005,0,0,'a97d239f4db146ed1178a18e43bd486b','','',0),(674,'KK','林小源','','KK',1,1397638005,0,0,'a97d239f4db146ed1178a18e43bd486b','','',0),(675,'GZ-Ben','林好柏','','GZ-Ben',1,1397638005,0,0,'a97d239f4db146ed1178a18e43bd486b','','',0),(676,'Harmsworth','黄大海','','Harmsworth',1,1397638005,0,0,'a97d239f4db146ed1178a18e43bd486b','','',0),(677,'Coral','刘珊','','Coral',1,1397638005,0,0,'a97d239f4db146ed1178a18e43bd486b','','',0),(678,'Happy','兰婧','','Happy',1,1397638005,0,0,'a97d239f4db146ed1178a18e43bd486b','','',0),(679,'BJ-Kelly','于巧萍','','BJ-Kelly',1,1397638005,0,0,'a97d239f4db146ed1178a18e43bd486b','','',0),(680,'Nate','范永宁','','Nate',1,1397638005,0,0,'a97d239f4db146ed1178a18e43bd486b','','',0),(681,'SC-Dick','孟坤','','SC-Dick',1,1397638005,0,0,'a97d239f4db146ed1178a18e43bd486b','','',0),(682,'SC-Evan','王捷','','SC-Evan',1,1397638005,0,0,'a97d239f4db146ed1178a18e43bd486b','','',0),(683,'Edgar','黄维','','Edgar',1,1397638005,0,0,'a97d239f4db146ed1178a18e43bd486b','','',0),(684,'GZ-Janice','包扬','','GZ-Janice',1,1397638005,0,0,'a97d239f4db146ed1178a18e43bd486b','','',0),(685,'Bree','杜丹1','','Bree',1,1397638005,0,0,'a97d239f4db146ed1178a18e43bd486b','','',0),(686,'Vivian huang','黄秋月','','Vivian huang',1,1397638005,0,0,'a97d239f4db146ed1178a18e43bd486b','','',0),(687,'BJ-Lemon','刘清霞','','BJ-Lemon',1,1397638005,0,0,'a97d239f4db146ed1178a18e43bd486b','','',0),(688,'Relax','郑超1','','Relax',1,1397638005,0,0,'a97d239f4db146ed1178a18e43bd486b','','',0),(689,'Cloris','梁晓庆','','Cloris',1,1397638005,0,0,'a97d239f4db146ed1178a18e43bd486b','','',0),(690,'Zed','张鸿禹','','Zed',1,1397638005,0,0,'a97d239f4db146ed1178a18e43bd486b','','',0),(691,'CQ-Kimi','李小平','','CQ-Kimi',1,1397638005,0,0,'a97d239f4db146ed1178a18e43bd486b','','',0),(692,'Jemy','王先彪','','Jemy',1,1397638005,0,0,'a97d239f4db146ed1178a18e43bd486b','','',0),(693,'Lin','林伟敏','','Lin',1,1397638005,0,0,'a97d239f4db146ed1178a18e43bd486b','','',0),(694,'Leif','黄立峰','','Leif',1,1397638005,0,0,'a97d239f4db146ed1178a18e43bd486b','','',0),(695,'Mandy','张慧','','Mandy',1,1397638005,0,0,'a97d239f4db146ed1178a18e43bd486b','','',0),(696,'Rondo','普健西','','Rondo',1,1397638005,0,0,'a97d239f4db146ed1178a18e43bd486b','','',0),(697,'Oyan','欧阳碧漫','','Oyan',1,1397638005,0,0,'a97d239f4db146ed1178a18e43bd486b','','',0),(698,'Thet','谭小华','','Thet',1,1397638005,0,0,'a97d239f4db146ed1178a18e43bd486b','','',0),(699,'Grade','许泽欣','','Grade',1,1397638005,0,0,'a97d239f4db146ed1178a18e43bd486b','','',0),(700,'Fanny','胡璠','','Fanny',1,1397638005,0,0,'a97d239f4db146ed1178a18e43bd486b','','',0),(701,'Gail','高树辉','','Gail',1,1397638005,0,0,'a97d239f4db146ed1178a18e43bd486b','','',0),(702,'Rajack','梁伟杰','','Rajack',1,1397638005,0,0,'a97d239f4db146ed1178a18e43bd486b','','',0),(703,'GZ-Winnie','谢英梅','','GZ-Winnie',1,1397638005,0,0,'a97d239f4db146ed1178a18e43bd486b','','',0),(704,'HZ-Eric','张敏','','HZ-Eric',1,1397638005,0,0,'a97d239f4db146ed1178a18e43bd486b','','',0),(705,'HZ-Susie','江素姬','','HZ-Susie',1,1397638005,0,0,'a97d239f4db146ed1178a18e43bd486b','','',0),(706,'Runner','高建州','','Runner',1,1397638005,0,0,'a97d239f4db146ed1178a18e43bd486b','','',0),(707,'Racheal','彭雯','','Racheal',1,1397638005,0,0,'a97d239f4db146ed1178a18e43bd486b','','',0),(708,'SW-Sky','李鹏','','SW-Sky',1,1397638005,0,0,'a97d239f4db146ed1178a18e43bd486b','','',0),(709,'ZL-Jason','王治东','','ZL-Jason',1,1397638005,0,0,'a97d239f4db146ed1178a18e43bd486b','','',0),(710,'Owen','黄维辉','','Owen',1,1397638005,0,0,'a97d239f4db146ed1178a18e43bd486b','','',0),(711,'Sivon','石文辉','','Sivon',1,1397638005,0,0,'a97d239f4db146ed1178a18e43bd486b','','',0),(712,'Wei','胡绍蔚','','Wei',1,1397638005,0,0,'a97d239f4db146ed1178a18e43bd486b','','',0),(713,'GZ-Andy','蓝幸林','','GZ-Andy',1,1397638005,0,0,'a97d239f4db146ed1178a18e43bd486b','','',0),(714,'GZ-John','王葵','','GZ-John',1,1397638005,0,0,'a97d239f4db146ed1178a18e43bd486b','','',0),(715,'Van','闫东平','','Van',1,1397638005,0,0,'a97d239f4db146ed1178a18e43bd486b','','',0),(716,'Carl','蒋学亮','','Carl',1,1397638005,0,0,'a97d239f4db146ed1178a18e43bd486b','','',0),(717,'Zoey','罗玲','','Zoey',1,1397638005,0,0,'a97d239f4db146ed1178a18e43bd486b','','',0),(718,'Merlin','张霞','','Merlin',1,1397638005,0,0,'a97d239f4db146ed1178a18e43bd486b','','',0),(719,'BJ-Peter','时铂','','BJ-Peter',1,1397638005,0,0,'a97d239f4db146ed1178a18e43bd486b','','',0),(720,'Final','孙鹏浩','','Final',1,1397638005,0,0,'a97d239f4db146ed1178a18e43bd486b','','',0),(721,'Brenden','赵乾祥','','Brenden',1,1397638005,0,0,'a97d239f4db146ed1178a18e43bd486b','','',0),(722,'Harvey','张浩','','Harvey',1,1397638005,0,0,'a97d239f4db146ed1178a18e43bd486b','','',0),(723,'Paty','杨蔺','','Paty',1,1397638005,0,0,'a97d239f4db146ed1178a18e43bd486b','','',0),(724,'ZL-Rita','郝敏','','ZL-Rita',1,1397638005,0,0,'a97d239f4db146ed1178a18e43bd486b','','',0),(725,'Sonja','熊章阳','','Sonja',1,1397638005,0,0,'a97d239f4db146ed1178a18e43bd486b','','',0),(726,'Lida','黎倩','','Lida',1,1397638005,0,0,'a97d239f4db146ed1178a18e43bd486b','','',0),(727,'Hades','张成','','Hades',1,1397638005,0,0,'a97d239f4db146ed1178a18e43bd486b','','',0),(728,'Dada','万蝶','','Dada',1,1397638005,0,1410416235,'a97d239f4db146ed1178a18e43bd486b','','',0),(729,'Track','邓万庚','','Track',1,1397638005,0,0,'a97d239f4db146ed1178a18e43bd486b','','',0),(730,'Daniel','何灿','','Daniel',1,1397638005,0,0,'a97d239f4db146ed1178a18e43bd486b','','',0),(731,'Yaholo','袁豪','','Yaholo',1,1397638005,0,0,'a97d239f4db146ed1178a18e43bd486b','','',0),(732,'Imor','郭训颖','','Imor',1,1397638005,0,0,'a97d239f4db146ed1178a18e43bd486b','','',0),(733,'SC-Lynn','范才秀','','SC-Lynn',1,1397638005,0,0,'a97d239f4db146ed1178a18e43bd486b','','',0),(734,'CQ-Eleven','方云','','CQ-Eleven',1,1397638005,0,0,'a97d239f4db146ed1178a18e43bd486b','','',0),(735,'Dannee','何文东','','Dannee',1,1397638005,0,0,'a97d239f4db146ed1178a18e43bd486b','','',0),(736,'Seaman','杨有华','','Seaman',1,1397638005,0,0,'a97d239f4db146ed1178a18e43bd486b','','',0),(737,'ZL-Rock','赵永强','','ZL-Rock',1,1397638005,0,0,'a97d239f4db146ed1178a18e43bd486b','','',0),(738,'Oliver','敖欢','','Oliver',1,1397638005,0,0,'a97d239f4db146ed1178a18e43bd486b','','',0),(739,'CD','陈东','','CD',1,1397638005,0,0,'a97d239f4db146ed1178a18e43bd486b','','',0),(740,'Icy','付超','','Icy',1,1397638005,0,0,'a97d239f4db146ed1178a18e43bd486b','','',0),(741,'Elvis','陈厚仁','','Elvis',1,1397638005,0,0,'a97d239f4db146ed1178a18e43bd486b','','',0),(742,'XZ-Dan','余丹','','XZ-Dan',1,1397638005,0,0,'a97d239f4db146ed1178a18e43bd486b','','',0),(743,'Bernice','张静','','Bernice',1,1397638005,0,0,'a97d239f4db146ed1178a18e43bd486b','','',0),(744,'Nigel','夏禹','','Nigel',1,1397638005,0,0,'a97d239f4db146ed1178a18e43bd486b','','',0),(745,'Power','张有军','','Power',1,1397638005,0,0,'a97d239f4db146ed1178a18e43bd486b','','',0),(746,'Style','陈金玉','','Style',1,1397638005,0,0,'a97d239f4db146ed1178a18e43bd486b','','',0),(747,'GZ-Sasa','王苗苗','','GZ-Sasa',1,1397638005,0,0,'a97d239f4db146ed1178a18e43bd486b','','',0),(748,'Jelly','林素平','','Jelly',1,1397638005,0,0,'a97d239f4db146ed1178a18e43bd486b','','',0),(749,'Quella','白和清','','Quella',1,1397638005,0,0,'a97d239f4db146ed1178a18e43bd486b','','',0),(750,'Alvin','倪学文','','Alvin',1,1397638005,0,0,'a97d239f4db146ed1178a18e43bd486b','','',0),(751,'SC-Ella','付贵琼','','SC-Ella',1,1397638005,0,0,'a97d239f4db146ed1178a18e43bd486b','','',0),(752,'Abbie','庞洁','','Abbie',1,1397638005,0,0,'a97d239f4db146ed1178a18e43bd486b','','',0),(753,'Ashley','李祝','','Ashley',1,1397638005,0,0,'a97d239f4db146ed1178a18e43bd486b','','',0),(754,'Murphy','马明辉','','Murphy',1,1397638005,0,0,'a97d239f4db146ed1178a18e43bd486b','','',0),(755,'Arthur','郑拓','','Arthur',1,1397638005,0,0,'a97d239f4db146ed1178a18e43bd486b','','',0),(756,'CQ-Susan','谭雪峰','','CQ-Susan',1,1397638005,0,0,'a97d239f4db146ed1178a18e43bd486b','','',0),(757,'CQ-Angel','杨雪雪','','CQ-Angel',1,1397638005,0,0,'a97d239f4db146ed1178a18e43bd486b','','',0),(758,'Estelle','陈姚','','Estelle',1,1397638005,0,0,'a97d239f4db146ed1178a18e43bd486b','','',0),(759,'Freya','蔡燕媚','','Freya',1,1397638005,0,0,'a97d239f4db146ed1178a18e43bd486b','','',0),(760,'GZ-Jay','翁杰荣','','GZ-Jay',1,1397638005,0,0,'a97d239f4db146ed1178a18e43bd486b','','',0),(761,'HZ-Renee','罗中夏','','HZ-Renee',1,1397638005,0,0,'a97d239f4db146ed1178a18e43bd486b','','',0),(762,'SZ-Tracy','黄浩','','SZ-Tracy',1,1397638005,0,0,'a97d239f4db146ed1178a18e43bd486b','','',0),(763,'Alin','艾明亮','','Alin',1,1397638005,0,0,'a97d239f4db146ed1178a18e43bd486b','','',0),(764,'SC-Eileen','林小燕','','SC-Eileen',1,1397638005,0,0,'a97d239f4db146ed1178a18e43bd486b','','',0),(765,'Moxa','宋诗漫','','Moxa',1,1397638005,0,0,'a97d239f4db146ed1178a18e43bd486b','','',0),(766,'Double','潘双双','','Double',1,1397638005,0,0,'a97d239f4db146ed1178a18e43bd486b','','',0),(767,'BJ-Henry','任小宇','','BJ-Henry',1,1397638005,0,0,'a97d239f4db146ed1178a18e43bd486b','','',0),(768,'SZ-Jessie','金慧','','SZ-Jessie',1,1397638005,0,0,'a97d239f4db146ed1178a18e43bd486b','','',0),(769,'Amber','赖云丛','','Amber',1,1397638005,0,0,'a97d239f4db146ed1178a18e43bd486b','','',0),(770,'Elaine','施子昂','','Elaine',1,1397638005,0,0,'a97d239f4db146ed1178a18e43bd486b','','',0),(771,'Rainie','冯小蕊','','Rainie',1,1397638005,0,0,'a97d239f4db146ed1178a18e43bd486b','','',0),(772,'leila','杨海燕','','leila',1,1397638005,0,0,'a97d239f4db146ed1178a18e43bd486b','','',0),(773,'Sakura','刘华樱','','Sakura',1,1397638005,0,0,'a97d239f4db146ed1178a18e43bd486b','','',0),(774,'SC-Judy','周巧','','SC-Judy',1,1397638005,0,0,'a97d239f4db146ed1178a18e43bd486b','','',0),(775,'Joyce1','周金玉','','Joyce1',1,1397638005,0,0,'a97d239f4db146ed1178a18e43bd486b','','',0),(776,'Coma','叶渠','','Coma',1,1397638005,0,0,'a97d239f4db146ed1178a18e43bd486b','','',0),(777,'SC-Betty','付小燕','','SC-Betty',1,1397638005,0,0,'a97d239f4db146ed1178a18e43bd486b','','',0),(778,'Huanko','郑进焕','','Huanko',1,1397638005,0,0,'a97d239f4db146ed1178a18e43bd486b','','',0),(779,'Martha','马琴','','Martha',1,1397638005,0,0,'a97d239f4db146ed1178a18e43bd486b','','',0),(780,'Oliva','强远庆','','Oliva',1,1397638005,0,0,'a97d239f4db146ed1178a18e43bd486b','','',0),(781,'Jodie','曾晓梅','','Jodie',1,1397638005,0,0,'a97d239f4db146ed1178a18e43bd486b','','',0),(782,'June','张盼盼','','June',1,1397638005,0,0,'a97d239f4db146ed1178a18e43bd486b','','',0),(783,'Jimmy','周政','','Jimmy',1,1397638005,0,0,'a97d239f4db146ed1178a18e43bd486b','','',0),(784,'Jilly','代明容','','Jilly',1,1397638005,0,0,'a97d239f4db146ed1178a18e43bd486b','','',0),(785,'Pearl','彭雪姣','','Pearl',1,1397638005,0,0,'a97d239f4db146ed1178a18e43bd486b','','',0),(786,'Percy','蒲科','','Percy',1,1397638005,0,0,'a97d239f4db146ed1178a18e43bd486b','','',0),(787,'Joson','吴磊','','Joson',1,1397638005,0,0,'a97d239f4db146ed1178a18e43bd486b','','',0),(788,'HZ-lili','鲁煜黎','','HZ-lili',1,1397638005,0,0,'a97d239f4db146ed1178a18e43bd486b','','',0),(789,'Jonas','杨和平','','Jonas',1,1397638005,0,0,'a97d239f4db146ed1178a18e43bd486b','','',0),(790,'sparrow','郑永新','','sparrow',1,1397638005,0,0,'a97d239f4db146ed1178a18e43bd486b','','',0),(791,'April','王少娜','','April',1,1397638005,0,0,'a97d239f4db146ed1178a18e43bd486b','','',0),(792,'BJ-Kevin','张文强','','BJ-Kevin',1,1397638005,0,0,'a97d239f4db146ed1178a18e43bd486b','','',0),(793,'Alyssa','杜丽红','','Alyssa',1,1397638005,0,0,'a97d239f4db146ed1178a18e43bd486b','','',0),(794,'Ellen','陈洪翠','','Ellen',1,1397638005,0,0,'a97d239f4db146ed1178a18e43bd486b','','',0),(795,'Joey','吕俊运','','Joey',1,1397638005,0,0,'a97d239f4db146ed1178a18e43bd486b','','',0),(796,'Nev','王彩云','','Nev',1,1397638005,0,0,'a97d239f4db146ed1178a18e43bd486b','','',0),(797,'Alexu','徐伟钦','','Alexu',1,1397638005,0,0,'a97d239f4db146ed1178a18e43bd486b','','',0),(798,'Jingyue','曹婧月','','Jingyue',1,1397638005,0,0,'a97d239f4db146ed1178a18e43bd486b','','',0),(799,'Dicky','董元奎','','Dicky',1,1397638005,0,0,'a97d239f4db146ed1178a18e43bd486b','','',0),(800,'Ina','白海燕','','Ina',1,1397638005,0,0,'a97d239f4db146ed1178a18e43bd486b','','',0),(801,'Venus','樊岚清','','Venus',1,1397638005,0,0,'a97d239f4db146ed1178a18e43bd486b','','',0),(802,'Adela','成曼','','Adela',1,1397638005,0,0,'a97d239f4db146ed1178a18e43bd486b','','',0),(803,'Don','郑健全','','Don',1,1397638005,0,0,'a97d239f4db146ed1178a18e43bd486b','','',0),(804,'Gretta','鲁志娟','','Gretta',1,1397638005,0,0,'a97d239f4db146ed1178a18e43bd486b','','',0),(805,'Peyton','何红','','Peyton',1,1397638005,0,0,'a97d239f4db146ed1178a18e43bd486b','','',0),(806,'Even','熊雪梅','','Even',1,1397638005,0,0,'a97d239f4db146ed1178a18e43bd486b','','',0),(807,'Hiterry','黎虎','','Hiterry',1,1397638005,0,0,'a97d239f4db146ed1178a18e43bd486b','','',0),(808,'Haydn','田海龙','','Haydn',1,1397638005,0,0,'a97d239f4db146ed1178a18e43bd486b','dythl99@163.com','13683415494',0),(809,'Arvin(cd)','徐文','','Arvin(cd)',1,1397638005,0,0,'a97d239f4db146ed1178a18e43bd486b','','',0),(810,'Candice','蒲钰','','Candice',1,1397638005,0,0,'a97d239f4db146ed1178a18e43bd486b','','',0),(811,'Josie','郭燕','','Josie',1,1397638005,0,0,'a97d239f4db146ed1178a18e43bd486b','','',0),(812,'Belle','任霞','','Belle',1,1397638005,0,0,'a97d239f4db146ed1178a18e43bd486b','','',0),(813,'Ava','谢颖颖','','Ava',1,1397638005,0,0,'a97d239f4db146ed1178a18e43bd486b','','',0),(814,'Nick','宋前程','','Nick',1,1397638005,0,0,'a97d239f4db146ed1178a18e43bd486b','','',0),(815,'HZ-Alisa','彭花花','','HZ-Alisa',1,1397638005,0,0,'a97d239f4db146ed1178a18e43bd486b','','',0),(816,'Flower','范迎华','','Flower',1,1397638005,0,0,'a97d239f4db146ed1178a18e43bd486b','','',0),(817,'Up','李玉','','Up',1,1397638005,0,0,'a97d239f4db146ed1178a18e43bd486b','','',0),(818,'Jerome','陈仲泽','','Jerome',1,1397638005,0,0,'a97d239f4db146ed1178a18e43bd486b','','',0),(819,'GZ-Susan','陈佩珊','','GZ-Susan',1,1397638005,0,0,'a97d239f4db146ed1178a18e43bd486b','','',0),(820,'Joe','李开','','Joe',1,1397638005,0,0,'a97d239f4db146ed1178a18e43bd486b','','',0),(821,'Bee','刘岸峰','','Bee',1,1397638005,0,0,'a97d239f4db146ed1178a18e43bd486b','','',0),(822,'Devil','裴涵斐','','Devil',1,1397638005,0,0,'a97d239f4db146ed1178a18e43bd486b','','',0),(823,'Lucas','刘学剑','','Lucas',1,1397638005,0,0,'a97d239f4db146ed1178a18e43bd486b','','',0),(824,'SZ-Judy','朱海霞','','SZ-Judy',1,1397638005,0,0,'a97d239f4db146ed1178a18e43bd486b','','',0),(825,'GZ-Joyce','肖蓉','','GZ-Joyce',1,1397638005,0,0,'a97d239f4db146ed1178a18e43bd486b','','',0),(826,'Kaka','陈嘉辉','','Kaka',1,1397638005,0,0,'a97d239f4db146ed1178a18e43bd486b','','',0),(827,'Bj-sonia','吕晴','','Bj-sonia',1,1397638005,0,0,'a97d239f4db146ed1178a18e43bd486b','','',0),(828,'Gwen','常尊静','','Gwen',1,1397638005,0,0,'a97d239f4db146ed1178a18e43bd486b','','',0),(829,'Bj-eason','李镇','','Bj-eason',1,1397638005,0,0,'a97d239f4db146ed1178a18e43bd486b','','',0),(830,'Frankie','刘文峰','','Frankie',1,1397638005,0,0,'a97d239f4db146ed1178a18e43bd486b','','',0),(831,'Jude','吕丹','','Jude',1,1397638005,0,0,'a97d239f4db146ed1178a18e43bd486b','','',0),(832,'Minnie','何倩','','Minnie',1,1397638005,0,0,'a97d239f4db146ed1178a18e43bd486b','','',0),(833,'Jean','郭小娟','','Jean',1,1397638005,0,1409711083,'a97d239f4db146ed1178a18e43bd486b','','',0),(834,'Sharry','秦乐','','Sharry',1,1397638005,0,0,'a97d239f4db146ed1178a18e43bd486b','','',0),(835,'Bonnie','王海彦','','Bonnie',1,1397638005,0,0,'a97d239f4db146ed1178a18e43bd486b','','',0),(836,'Allan','周夏伦','','Allan',1,1397638005,0,0,'a97d239f4db146ed1178a18e43bd486b','','',0),(837,'Abigale','夏沙沙','','Abigale',1,1397638005,0,0,'a97d239f4db146ed1178a18e43bd486b','','',0),(838,'Carry','黄桂丽','','Carry',1,1397638005,0,0,'a97d239f4db146ed1178a18e43bd486b','','',0),(839,'Amanda','冉薇','','Amanda',1,1397638005,0,1409711096,'a97d239f4db146ed1178a18e43bd486b','','',0),(840,'SC-Honey','何欢','','SC-Honey',1,1397638005,0,1409710598,'a97d239f4db146ed1178a18e43bd486b','','',0),(841,'Ralf','彭波','','Ralf',1,1397638005,0,0,'a97d239f4db146ed1178a18e43bd486b','','',0),(842,'SZ-Edward','刘渊','','SZ-Edward',1,1397638005,0,0,'a97d239f4db146ed1178a18e43bd486b','','',0),(843,'Esion','杨敏（SC）','','Esion',1,1397638005,0,0,'a97d239f4db146ed1178a18e43bd486b','','',0),(844,'SC-August','罗海华','','SC-August',1,1397638005,0,0,'a97d239f4db146ed1178a18e43bd486b','','',0),(845,'Jermie','李世明','','Jermie',1,1397638005,0,0,'a97d239f4db146ed1178a18e43bd486b','','',0),(846,'GZ-Cindy','黄彩连','','GZ-Cindy',1,1397638005,0,0,'a97d239f4db146ed1178a18e43bd486b','','',0),(847,'Demi','段莉','','Demi',1,1397638005,0,0,'a97d239f4db146ed1178a18e43bd486b','','',0),(848,'Bruce','李春星','','Bruce',1,1397638005,0,0,'a97d239f4db146ed1178a18e43bd486b','','',0),(849,'Aishow','张琅','','Aishow',1,1397638005,0,0,'a97d239f4db146ed1178a18e43bd486b','','',0),(850,'Amor','曾启秀','','Amor',1,1397638005,0,0,'a97d239f4db146ed1178a18e43bd486b','','',0),(851,'Kiddo','邓渝轩','','Kiddo',1,1397638005,0,0,'a97d239f4db146ed1178a18e43bd486b','','',0),(852,'Lawrance','韩瑾','','Lawrance',1,1397638005,0,0,'a97d239f4db146ed1178a18e43bd486b','','',0),(853,'Caesar','汪元逸','','Caesar',1,1397638005,0,0,'a97d239f4db146ed1178a18e43bd486b','','',0),(854,'SC-Panda','刘婵','','SC-Panda',1,1397638005,0,0,'a97d239f4db146ed1178a18e43bd486b','','',0),(855,'BJ-lydia','刘亚','','BJ-lydia',1,1397638005,0,0,'a97d239f4db146ed1178a18e43bd486b','','',0),(856,'BJ-shirley','王雪','','BJ-shirley',1,1397638005,0,0,'a97d239f4db146ed1178a18e43bd486b','','',0),(857,'Shams','肖茂兰','','Shams',1,1397638005,0,0,'a97d239f4db146ed1178a18e43bd486b','','',0),(858,'GZ-Iris','张艺婵','','GZ-Iris',1,1397638005,0,0,'a97d239f4db146ed1178a18e43bd486b','','',0),(859,'M.smith','莫月明','','M.smith',1,1397638005,0,0,'a97d239f4db146ed1178a18e43bd486b','','',0),(860,'SC-Daisy','徐曼琪','','SC-Daisy',1,1397638005,0,0,'a97d239f4db146ed1178a18e43bd486b','','',0),(861,'SC-Jeff','李明尧','','SC-Jeff',1,1397638005,0,0,'a97d239f4db146ed1178a18e43bd486b','','',0),(862,'Cola','周乔','','Cola',1,1397638005,0,0,'a97d239f4db146ed1178a18e43bd486b','','',0),(863,'SC-Power','杨德芝','','SC-Power',1,1397638005,0,0,'a97d239f4db146ed1178a18e43bd486b','','',0),(864,'Gilbert','马博达','','Gilbert',1,1397638005,0,0,'a97d239f4db146ed1178a18e43bd486b','','',0),(865,'Suka','方雪','','Suka',1,1397638005,0,0,'a97d239f4db146ed1178a18e43bd486b','','',0),(866,'Army','王丽华','','Army',1,1397638005,0,1407736204,'e10adc3949ba59abbe56e057f20f883e','','',0),(867,'Vian','吴慧茹','','Vian',1,1397638005,0,0,'a97d239f4db146ed1178a18e43bd486b','','',0),(868,'Gino','汪守涛','','Gino',1,1397638005,0,0,'a97d239f4db146ed1178a18e43bd486b','','',0),(869,'Xuanxuan','杨巧虹','','Xuanxuan',1,1397638005,0,0,'a97d239f4db146ed1178a18e43bd486b','','',0),(870,'BJ-Moon','李静','','BJ-Moon',1,1397638005,0,0,'a97d239f4db146ed1178a18e43bd486b','','',0),(871,'BJ-Fanny','胡远芳','','BJ-Fanny',1,1397638005,0,0,'a97d239f4db146ed1178a18e43bd486b','','',0),(872,'BJ-kate','李凯','','BJ-kate',1,1397638005,0,0,'a97d239f4db146ed1178a18e43bd486b','','',0),(873,'SC-Carry','周颖1','','SC-Carry',1,1397638005,0,0,'a97d239f4db146ed1178a18e43bd486b','','',0),(874,'SC-Emily','杨雪','','SC-Emily',1,1397638005,0,0,'a97d239f4db146ed1178a18e43bd486b','','',0),(875,'GZ-Apple','陈萍','','GZ-Apple',1,1397638005,0,0,'a97d239f4db146ed1178a18e43bd486b','','',0),(876,'Mars','黄木生','','Mars',1,1397638005,0,0,'a97d239f4db146ed1178a18e43bd486b','','',0),(877,'Winky','邓永琪','','Winky',1,1397638005,0,0,'a97d239f4db146ed1178a18e43bd486b','','',0),(878,'linda(cq)','陈俐玲','','linda(cq)',1,1397638005,0,0,'a97d239f4db146ed1178a18e43bd486b','','',0),(879,'Danney','温荣平','','Danney',1,1397638005,0,0,'a97d239f4db146ed1178a18e43bd486b','','',0),(880,'BJ-maggie','邱丽超','','BJ-maggie',1,1397638005,0,0,'a97d239f4db146ed1178a18e43bd486b','','',0),(881,'Rambo','栾波','','Rambo',1,1397638005,0,0,'a97d239f4db146ed1178a18e43bd486b','','',0),(882,'Nicholas','赵亚坤','','Nicholas',1,1397638005,0,0,'a97d239f4db146ed1178a18e43bd486b','','',0),(883,'Teresa','申晓佩','','Teresa',1,1397638005,0,0,'a97d239f4db146ed1178a18e43bd486b','','',0),(884,'Stevenson','曾文定','','Stevenson',1,1397638005,0,0,'a97d239f4db146ed1178a18e43bd486b','','',0),(885,'TT','张二侠','','TT',1,1397638005,0,0,'a97d239f4db146ed1178a18e43bd486b','','',0),(886,'Caroline','左超','','Caroline',1,1397638005,0,0,'a97d239f4db146ed1178a18e43bd486b','','',0),(887,'Beauty','王智','','Beauty',1,1397638005,0,0,'a97d239f4db146ed1178a18e43bd486b','','',0),(888,'Ethan','蔡宇','','Ethan',1,1397638005,0,0,'a97d239f4db146ed1178a18e43bd486b','','',0),(889,'Mere','刘志兰','','Mere',1,1397638005,0,0,'a97d239f4db146ed1178a18e43bd486b','','',0),(890,'Vin','吴金宝','','Vin',1,1397638005,0,0,'a97d239f4db146ed1178a18e43bd486b','','',0),(891,'Niki','刘奕欣','','Niki',1,1397638005,0,0,'a97d239f4db146ed1178a18e43bd486b','','',0),(892,'Chengcheng','程雪梅','','Chengcheng',1,1397638005,0,0,'a97d239f4db146ed1178a18e43bd486b','','',0),(893,'Lanlan','蒋南兰','','Lanlan',1,1397638005,0,0,'a97d239f4db146ed1178a18e43bd486b','','',0),(894,'Vivisu','刘莹','','Vivisu',1,1397638005,0,0,'a97d239f4db146ed1178a18e43bd486b','','',0),(895,'Kidd','谢小飞','','Kidd',1,1397638005,0,0,'a97d239f4db146ed1178a18e43bd486b','','',0),(896,'Mars(cq)','程佳','','Mars(cq)',1,1397638005,0,0,'a97d239f4db146ed1178a18e43bd486b','','',0),(897,'Carter','曹云华','','Carter',1,1397638005,0,0,'a97d239f4db146ed1178a18e43bd486b','','',0),(898,'ZL-Money','饶钱','','ZL-Money',1,1397638005,0,0,'a97d239f4db146ed1178a18e43bd486b','','',0),(899,'Smile_sz','宋珊','','Smile_sz',1,1397638005,0,0,'a97d239f4db146ed1178a18e43bd486b','','',0),(900,'Ben_sz','梁志雄','','Ben_sz',1,1397638005,0,0,'a97d239f4db146ed1178a18e43bd486b','','',0),(901,'Bobo','张宝莹','','Bobo',1,1397638005,0,0,'a97d239f4db146ed1178a18e43bd486b','','',0),(902,'Ellie','侯立娇','','Ellie',1,1397638005,0,0,'a97d239f4db146ed1178a18e43bd486b','','',0),(903,'GZ_Susan','陈朗月','','GZ_Susan',1,1397638005,0,0,'a97d239f4db146ed1178a18e43bd486b','','',0),(904,'Icye','蔺立娟','','Icye',1,1397638005,0,0,'a97d239f4db146ed1178a18e43bd486b','','',0),(905,'BJ-Amy','徐红','','BJ-Amy',1,1397638005,0,0,'a97d239f4db146ed1178a18e43bd486b','','',0),(906,'BJ-Ice','王玲（北京）','','BJ-Ice',1,1397638005,0,0,'a97d239f4db146ed1178a18e43bd486b','','',0),(907,'Job','何帆','','Job',1,1397638005,0,0,'a97d239f4db146ed1178a18e43bd486b','','',0),(908,'Gloria','汪丽','','Gloria',1,1397638005,0,0,'a97d239f4db146ed1178a18e43bd486b','','',0),(909,'Domon','陈林','','Domon',1,1397638005,0,0,'a97d239f4db146ed1178a18e43bd486b','','',0),(910,'SC-Michael','余春','','SC-Michael',1,1397638005,0,0,'a97d239f4db146ed1178a18e43bd486b','','',0),(911,'Danni','李维1','','Danni',1,1397638005,0,0,'a97d239f4db146ed1178a18e43bd486b','','',0),(912,'Soopat','郭美华','','Soopat',1,1397638005,0,0,'a97d239f4db146ed1178a18e43bd486b','','',0),(913,'Bret','李勇','','Bret',1,1397638005,0,0,'a97d239f4db146ed1178a18e43bd486b','','',0),(914,'GZ_John','何立庄','','GZ_John',1,1397638005,0,0,'a97d239f4db146ed1178a18e43bd486b','','',0),(915,'Cony','聂聪','','Cony',1,1397638005,0,0,'a97d239f4db146ed1178a18e43bd486b','','',0),(916,'Miles','李庆刚','','Miles',1,1397638005,0,0,'a97d239f4db146ed1178a18e43bd486b','','',0),(917,'Grecy','童付容','','Grecy',1,1397638005,0,0,'a97d239f4db146ed1178a18e43bd486b','','',0),(918,'Alan','宋丹','','Alan',1,1397638005,0,0,'a97d239f4db146ed1178a18e43bd486b','','',0),(919,'Merina','王婷','','Merina',1,1397638005,0,0,'a97d239f4db146ed1178a18e43bd486b','','',0),(920,'SC-June','李秀娟','','SC-June',1,1397638005,0,0,'a97d239f4db146ed1178a18e43bd486b','','',0),(921,'Cara','孙宏洋','','Cara',1,1397638005,0,0,'a97d239f4db146ed1178a18e43bd486b','','',0),(922,'Stella','计维','','Stella',1,1397638005,0,0,'a97d239f4db146ed1178a18e43bd486b','','',0),(923,'BJ-Ray','雷东','','BJ-Ray',1,1397638005,0,0,'a97d239f4db146ed1178a18e43bd486b','','',0),(924,'SC-David','黄大伟','','SC-David',1,1397638005,0,0,'a97d239f4db146ed1178a18e43bd486b','','',0),(925,'Yally','杨新慧','','Yally',1,1397638005,0,0,'a97d239f4db146ed1178a18e43bd486b','','',0),(926,'SC-Helen','魏思宇','','SC-Helen',1,1397638005,0,0,'a97d239f4db146ed1178a18e43bd486b','','',0),(927,'Dongdong','周冬梅','','Dongdong',1,1397638005,0,0,'a97d239f4db146ed1178a18e43bd486b','','',0),(928,'Eddy','陈晓娟','','Eddy',1,1397638005,0,0,'a97d239f4db146ed1178a18e43bd486b','','',0),(929,'Asa','陈玉','','Asa',1,1397638005,0,0,'a97d239f4db146ed1178a18e43bd486b','','',0),(930,'SC-Alina','赵忠飞','','SC-Alina',1,1397638005,0,0,'a97d239f4db146ed1178a18e43bd486b','','',0),(931,'Lisha','郜霞莉','','Lisha',1,1397638005,0,0,'a97d239f4db146ed1178a18e43bd486b','','',0),(932,'BJ-Johnson','顾亮','','BJ-Johnson',1,1397638005,0,0,'a97d239f4db146ed1178a18e43bd486b','','',0),(933,'SC-Jenny','李娜1','','SC-Jenny',1,1397638005,0,0,'a97d239f4db146ed1178a18e43bd486b','','',0),(934,'SC-Lydia','刘霞','','SC-Lydia',1,1397638005,0,1411887648,'a97d239f4db146ed1178a18e43bd486b','','',0),(935,'Voe','周宇','','Voe',1,1397638005,0,0,'a97d239f4db146ed1178a18e43bd486b','','',0),(936,'Abel','王正亚','','Abel',1,1397638005,0,0,'a97d239f4db146ed1178a18e43bd486b','','',0),(937,'Bonnie(cq)','胡春霞','','Bonnie(cq)',1,1397638005,0,0,'a97d239f4db146ed1178a18e43bd486b','','',0),(938,'Sz-Nick','徐斌','','Sz-Nick',1,1397638005,0,0,'a97d239f4db146ed1178a18e43bd486b','','',0),(939,'Fire','何永翠','','Fire',1,1397638005,0,0,'a97d239f4db146ed1178a18e43bd486b','','',0),(940,'SC-Jason','郑胜川','','SC-Jason',1,1397638005,0,0,'a97d239f4db146ed1178a18e43bd486b','','',0),(941,'Lyen','赵金龙','','Lyen',1,1397638005,0,0,'a97d239f4db146ed1178a18e43bd486b','','',0),(942,'Fish','张玲（北京）','','Fish',1,1397638005,0,0,'a97d239f4db146ed1178a18e43bd486b','','',0),(943,'Catherine(cq)','熊倩','','Catherine(cq)',1,1397638005,0,0,'a97d239f4db146ed1178a18e43bd486b','','',0),(944,'SC-Andy','王守珍','','SC-Andy',1,1397638005,0,0,'a97d239f4db146ed1178a18e43bd486b','','',0),(945,'Ting','吴婷','','Ting',1,1397638005,0,0,'a97d239f4db146ed1178a18e43bd486b','','',0),(946,'Bigwet','袁冶','','Bigwet',1,1397638005,0,1406279111,'a97d239f4db146ed1178a18e43bd486b','','',0),(947,'Paul','陈攀','','Paul',1,1397638005,0,1411869924,'a97d239f4db146ed1178a18e43bd486b','','',0),(948,'Megan','张梅','','Megan',1,1397638005,0,0,'a97d239f4db146ed1178a18e43bd486b','','',0),(949,'Berry','顾梅','','Berry',1,1397638005,0,0,'a97d239f4db146ed1178a18e43bd486b','','',0),(950,'Silenttree','张桦','','Silenttree',1,1397638005,0,0,'a97d239f4db146ed1178a18e43bd486b','','',0),(951,'ZC-Paul','张永喆','','ZC-Paul',1,1397638005,0,0,'a97d239f4db146ed1178a18e43bd486b','','',0),(952,'zc-Miles','王浩','','zc-Miles',1,1397638005,0,0,'a97d239f4db146ed1178a18e43bd486b','','',0),(953,'ZC-sunny','杨威','','ZC-sunny',1,1397638005,0,0,'a97d239f4db146ed1178a18e43bd486b','','',0),(954,'ZC-April','栾艳秋','','ZC-April',1,1397638005,0,0,'a97d239f4db146ed1178a18e43bd486b','','',0),(955,'ZC-Hedy','艾雅琴','','ZC-Hedy',1,1397638005,0,0,'a97d239f4db146ed1178a18e43bd486b','','',0),(956,'Yilia','李博馨','','Yilia',1,1397638005,0,0,'a97d239f4db146ed1178a18e43bd486b','','',0),(957,'ZC-Becky','毕文新','','ZC-Becky',1,1397638005,0,0,'a97d239f4db146ed1178a18e43bd486b','','',0),(958,'Agnes','许会娟','','Agnes',1,1397638005,0,0,'a97d239f4db146ed1178a18e43bd486b','','',0),(959,'ZC-Doris','聂小培','','ZC-Doris',1,1397638005,0,0,'a97d239f4db146ed1178a18e43bd486b','','',0),(960,'Smirk','王中五','','Smirk',1,1397638005,0,0,'a97d239f4db146ed1178a18e43bd486b','','',0),(961,'ZC-Alina','郭李娜','','ZC-Alina',1,1397638005,0,0,'a97d239f4db146ed1178a18e43bd486b','','',0),(962,'princess','孟晓婷','','princess',1,1397638005,0,0,'a97d239f4db146ed1178a18e43bd486b','','',0),(963,'Sz-Luna','项莲','','Sz-Luna',1,1397638005,0,0,'a97d239f4db146ed1178a18e43bd486b','','',0),(964,'Sz-Fiona','刘丹','','Sz-Fiona',1,1397638005,0,0,'a97d239f4db146ed1178a18e43bd486b','','',0),(965,'SC-Vincent','陈圣贵','','SC-Vincent',1,1397638005,0,0,'a97d239f4db146ed1178a18e43bd486b','','',0),(966,'Jefferson','雷冬','','Jefferson',1,1397638005,0,0,'a97d239f4db146ed1178a18e43bd486b','','',0),(967,'Blues','邹光托','','Blues',1,1397638005,0,0,'a97d239f4db146ed1178a18e43bd486b','','',0),(968,'Sz-Carol','程飞','','Sz-Carol',1,1397638005,0,0,'a97d239f4db146ed1178a18e43bd486b','','',0),(969,'DJ','邓杰','','DJ',1,1397638005,0,0,'a97d239f4db146ed1178a18e43bd486b','','',0),(970,'HZ_Rainbow','林宇虹','','HZ_Rainbow',1,1397638005,0,0,'a97d239f4db146ed1178a18e43bd486b','','',0),(971,'Pag','张培华','','Pag',1,1397638005,0,0,'a97d239f4db146ed1178a18e43bd486b','','',0),(972,'Quincy','张中英','','Quincy',1,1397638005,0,0,'a97d239f4db146ed1178a18e43bd486b','','',0),(973,'Alicia','侯秀娟','','Alicia',1,1397638005,0,0,'a97d239f4db146ed1178a18e43bd486b','','',0),(974,'Leaf','叶舒婷','','Leaf',1,1397638005,0,0,'a97d239f4db146ed1178a18e43bd486b','','',0),(975,'SC-Frank','李阳','','SC-Frank',1,1397638005,0,0,'a97d239f4db146ed1178a18e43bd486b','','',0),(976,'Darren','豆龙川','','Darren',1,1397638005,0,0,'a97d239f4db146ed1178a18e43bd486b','','',0),(977,'Georage','胡虎','','Georage',1,1397638005,0,0,'a97d239f4db146ed1178a18e43bd486b','','',0),(978,'Mystery','严屹','','Mystery',1,1397638005,0,0,'a97d239f4db146ed1178a18e43bd486b','','',0),(979,'Sz-Bruce','李锐','','Sz-Bruce',1,1397638005,0,0,'a97d239f4db146ed1178a18e43bd486b','','',0),(980,'ZL-Stephen','杨志廷','','ZL-Stephen',1,1397638005,0,0,'a97d239f4db146ed1178a18e43bd486b','','',0),(981,'Eden','杨兵','','Eden',1,1397638005,0,0,'a97d239f4db146ed1178a18e43bd486b','','',0),(982,'ZL-Jane','缪言','','ZL-Jane',1,1397638005,0,0,'a97d239f4db146ed1178a18e43bd486b','','',0),(983,'Precool','李萍','','Precool',1,1397638005,0,0,'a97d239f4db146ed1178a18e43bd486b','','',0),(984,'ZL-Tina','何媛','','ZL-Tina',1,1397638005,0,0,'a97d239f4db146ed1178a18e43bd486b','','',0),(985,'Mavis','于艺梅','','Mavis',1,1397638005,0,0,'a97d239f4db146ed1178a18e43bd486b','','',0),(986,'Thomas','勒伍江','','Thomas',1,1397638005,0,0,'a97d239f4db146ed1178a18e43bd486b','','',0),(987,'GZ_Davis','刘 丹','','GZ_Davis',1,1397638005,0,0,'a97d239f4db146ed1178a18e43bd486b','','',0),(988,'GZ_Timeless','文昭颖','','GZ_Timeless',1,1397638005,0,0,'a97d239f4db146ed1178a18e43bd486b','','',0),(989,'Sz-Ray','林城宇','','Sz-Ray',1,1397638005,0,0,'a97d239f4db146ed1178a18e43bd486b','','',0),(990,'Enlly','刘小丽','','Enlly',1,1397638005,0,0,'a97d239f4db146ed1178a18e43bd486b','','',0),(991,'SC-Ting','张婷','','SC-Ting',1,1397638005,0,0,'a97d239f4db146ed1178a18e43bd486b','','',0),(992,'Pitt','盛伟','','Pitt',1,1397638005,0,0,'a97d239f4db146ed1178a18e43bd486b','','',0),(993,'Sz-Dick','陈小敏','','Sz-Dick',1,1397638005,0,0,'a97d239f4db146ed1178a18e43bd486b','','',0),(994,'Hot','曾斌','','Hot',1,1397638005,0,0,'a97d239f4db146ed1178a18e43bd486b','','',0),(995,'Eva(cq)','王文婷','','Eva(cq)',1,1397638005,0,0,'a97d239f4db146ed1178a18e43bd486b','','',0),(996,'ZL-Sophia','刘洁','','ZL-Sophia',1,1397638005,0,0,'a97d239f4db146ed1178a18e43bd486b','','',0),(997,'Adam','李智炜','','Adam',1,1397638005,0,0,'a97d239f4db146ed1178a18e43bd486b','','',0),(998,'ZC-Betty','刘跃','','ZC-Betty',1,1397638005,0,0,'a97d239f4db146ed1178a18e43bd486b','','',0),(999,'Like','李可','','Like',1,1397638005,0,0,'a97d239f4db146ed1178a18e43bd486b','','',0),(1000,'ZC-Cathy','王术兰','','ZC-Cathy',1,1397638005,0,0,'a97d239f4db146ed1178a18e43bd486b','','',0),(1001,'Silencer','彭良平','','Silencer',1,1397638005,0,0,'a97d239f4db146ed1178a18e43bd486b','','',0),(1002,'Tim','岳慧','','Tim',1,1397638005,0,0,'a97d239f4db146ed1178a18e43bd486b','','',0),(1003,'Puma','王拉','','Puma',1,1397638005,0,0,'a97d239f4db146ed1178a18e43bd486b','','',0),(1004,'vinsent','王浩(sc)','','vinsent',1,1397638005,0,0,'a97d239f4db146ed1178a18e43bd486b','','',0),(1005,'SC-Chris','罗玉兰','','SC-Chris',1,1397638005,0,0,'a97d239f4db146ed1178a18e43bd486b','','',0),(1006,'SC-Rita','张洁(sc)','','SC-Rita',1,1397638005,0,0,'a97d239f4db146ed1178a18e43bd486b','','',0),(1007,'Cookie','孔向婷','','Cookie',1,1397638005,0,0,'a97d239f4db146ed1178a18e43bd486b','','',0),(1008,'SC-Eric','熊志强','','SC-Eric',1,1397638005,0,0,'a97d239f4db146ed1178a18e43bd486b','','',0),(1009,'GZ__Summer','陈佩君','','GZ__Summer',1,1397638005,0,0,'a97d239f4db146ed1178a18e43bd486b','','',0),(1010,'Caroll','汪于迪','','Caroll',1,1397638005,0,0,'a97d239f4db146ed1178a18e43bd486b','','',0),(1011,'SC-Ling','尹玉玲','','SC-Ling',1,1397638005,0,0,'a97d239f4db146ed1178a18e43bd486b','','',0),(1012,'Lexi','李欣1','','Lexi',1,1397638005,0,0,'a97d239f4db146ed1178a18e43bd486b','','',0),(1013,'SC-Candice','李光霞','','SC-Candice',1,1397638005,0,0,'a97d239f4db146ed1178a18e43bd486b','','',0),(1014,'Bin','吴斌','','Bin',1,1397638005,0,0,'a97d239f4db146ed1178a18e43bd486b','','',0),(1015,'SC-Neil','李恒','','SC-Neil',1,1397638005,0,0,'a97d239f4db146ed1178a18e43bd486b','','',0),(1016,'Benson','李军','','Benson',1,1397638005,0,0,'a97d239f4db146ed1178a18e43bd486b','','',0),(1017,'Mich','陈增辉','','Mich',1,1397638005,0,0,'a97d239f4db146ed1178a18e43bd486b','','',0),(1018,'Bj-chloe','刘俊秀','','Bj-chloe',1,1397638005,0,1412065800,'a97d239f4db146ed1178a18e43bd486b','','',0),(1019,'Bj-lori','刘佳（北京）','','Bj-lori',1,1397638005,0,0,'a97d239f4db146ed1178a18e43bd486b','','',0),(1020,'HZ-Daisy','魏然','','HZ-Daisy',1,1397638005,0,0,'a97d239f4db146ed1178a18e43bd486b','','',0),(1021,'SC-Double','王维','','SC-Double',1,1397638005,0,0,'a97d239f4db146ed1178a18e43bd486b','','',0),(1022,'SZ-Echo','熊涛','','SZ-Echo',1,1397638005,0,0,'a97d239f4db146ed1178a18e43bd486b','','',0),(1023,'SC-Jane','刘袁君','','SC-Jane',1,1397638005,0,0,'a97d239f4db146ed1178a18e43bd486b','','',0),(1024,'Vc','黄金林','','Vc',1,1397638005,0,0,'a97d239f4db146ed1178a18e43bd486b','','',0),(1025,'BJ-monica','霍明','','BJ-monica',1,1397638005,0,0,'a97d239f4db146ed1178a18e43bd486b','','',0),(1026,'Lisar','梁艳','','Lisar',1,1397638005,0,0,'a97d239f4db146ed1178a18e43bd486b','','',0),(1027,'Lusia','卢炎','','Lusia',1,1397638005,0,0,'a97d239f4db146ed1178a18e43bd486b','','',0),(1028,'Cici','杨丹','','Cici',1,1397638005,0,0,'a97d239f4db146ed1178a18e43bd486b','','',0),(1029,'Gaga','李亚南','','Gaga',1,1397638005,0,0,'a97d239f4db146ed1178a18e43bd486b','','',0),(1030,'Loyal','肖姚','','Loyal',1,1397638005,0,0,'a97d239f4db146ed1178a18e43bd486b','','',0),(1031,'Hathaway','王媛媛','','Hathaway',1,1397638005,0,0,'a97d239f4db146ed1178a18e43bd486b','','',0),(1032,'Lucifer','张军','','Lucifer',1,1397638005,0,0,'a97d239f4db146ed1178a18e43bd486b','','',0),(1033,'HZ-Coco','徐胜男','','HZ-Coco',1,1397638005,0,0,'a97d239f4db146ed1178a18e43bd486b','','',0),(1034,'Ivan','邓长芹','','Ivan',1,1397638005,0,0,'a97d239f4db146ed1178a18e43bd486b','','',0),(1035,'Sz_Ivy','汪才霞','','Sz_Ivy',1,1397638005,0,0,'a97d239f4db146ed1178a18e43bd486b','','',0),(1036,'Champion','陈平','','Champion',1,1397638005,0,0,'a97d239f4db146ed1178a18e43bd486b','','',0),(1037,'Magine','胡天菊','','Magine',1,1397638005,0,0,'a97d239f4db146ed1178a18e43bd486b','','',0),(1038,'SZ-David','吴晓锋','','SZ-David',1,1397638005,0,0,'a97d239f4db146ed1178a18e43bd486b','','',0),(1039,'SZ-Julia','孙丽飞','','SZ-Julia',1,1397638005,0,0,'a97d239f4db146ed1178a18e43bd486b','','',0),(1040,'Amelie','李美玉','','Amelie',1,1397638005,0,0,'a97d239f4db146ed1178a18e43bd486b','','',0),(1041,'SW-elody','张欣','','SW-elody',1,1397638005,0,0,'a97d239f4db146ed1178a18e43bd486b','','',0),(1042,'Mora','张曼瑞','','Mora',1,1397638005,0,0,'a97d239f4db146ed1178a18e43bd486b','','',0),(1043,'SW-manda','刘蓓蓓','','SW-manda',1,1397638005,0,0,'a97d239f4db146ed1178a18e43bd486b','','',0),(1044,'SW-Zoe','张冬雪','','SW-Zoe',1,1397638005,0,0,'a97d239f4db146ed1178a18e43bd486b','','',0),(1045,'SW-Bonnie','唐湛清','','SW-Bonnie',1,1397638005,0,0,'a97d239f4db146ed1178a18e43bd486b','','',0),(1046,'SW-Sherry','李晴','','SW-Sherry',1,1397638005,0,0,'a97d239f4db146ed1178a18e43bd486b','','',0),(1047,'SW-Emily','赵玉华','','SW-Emily',1,1397638005,0,0,'a97d239f4db146ed1178a18e43bd486b','','',0),(1048,'Jacon','王临轩','','Jacon',1,1397638005,0,0,'a97d239f4db146ed1178a18e43bd486b','','',0),(1049,'Howad','王洪','','Howad',1,1397638005,0,0,'a97d239f4db146ed1178a18e43bd486b','','',0),(1050,'HZ-Oliver','李红林','','HZ-Oliver',1,1397638005,0,0,'a97d239f4db146ed1178a18e43bd486b','','',0),(1051,'Top','兰天鹏','','Top',1,1397638005,0,0,'a97d239f4db146ed1178a18e43bd486b','','',0),(1052,'HZ-Tony','高峰','','HZ-Tony',1,1397638005,0,0,'a97d239f4db146ed1178a18e43bd486b','','',0),(1053,'Cynthia','李音','','Cynthia',1,1397638005,0,0,'a97d239f4db146ed1178a18e43bd486b','','',0),(1054,'Russell','王学文','','Russell',1,1397638005,0,0,'a97d239f4db146ed1178a18e43bd486b','','',0),(1055,'GZ_Wison','陈明雄','','GZ_Wison',1,1397638005,0,0,'a97d239f4db146ed1178a18e43bd486b','','',0),(1056,'Cheney','曹静','','Cheney',1,1397638005,0,0,'a97d239f4db146ed1178a18e43bd486b','','',0),(1057,'Rays','陈帅','','Rays',1,1397638005,0,0,'a97d239f4db146ed1178a18e43bd486b','','',0),(1058,'Nikita','王迪','','Nikita',1,1397638005,0,0,'a97d239f4db146ed1178a18e43bd486b','','',0),(1059,'Ak','刘安康','','Ak',1,1397638005,0,0,'a97d239f4db146ed1178a18e43bd486b','','',0),(1060,'GZ_Aiko','李燕屏','','GZ_Aiko',1,1397638005,0,0,'a97d239f4db146ed1178a18e43bd486b','','',0),(1061,'Minny','伍俊兰','','Minny',1,1397638005,0,0,'a97d239f4db146ed1178a18e43bd486b','','',0),(1062,'Linsen','邓旭','','Linsen',1,1397638005,0,0,'460905cfcc02e7129b529bc3d1c387d1','alongtimeago@vip.qq.com','13880518656',0),(1063,'Cora','杨贤花','','Cora',1,1397638005,0,0,'a97d239f4db146ed1178a18e43bd486b','','',0),(1064,'SW-summer','任娇','','SW-summer',1,1397638005,0,0,'a97d239f4db146ed1178a18e43bd486b','','',0),(1065,'GZ_Olivia','强远庆','','GZ_Olivia',1,1397638005,0,0,'a97d239f4db146ed1178a18e43bd486b','','',0),(1066,'Jacy','夏晓希','','Jacy',1,1397638005,0,0,'a97d239f4db146ed1178a18e43bd486b','','',0),(1067,'SC-Ellie','魏琴','','SC-Ellie',1,1397638005,0,0,'a97d239f4db146ed1178a18e43bd486b','','',0),(1068,'Tylor','胡婷','','Tylor',1,1397638005,0,0,'a97d239f4db146ed1178a18e43bd486b','','',0),(1069,'SC-Abel','蒋晟曦','','SC-Abel',1,1397638005,0,0,'a97d239f4db146ed1178a18e43bd486b','','',0),(1070,'SC-Carol','吕梦晗','','SC-Carol',1,1397638005,0,0,'a97d239f4db146ed1178a18e43bd486b','','',0),(1071,'Blackeyes','喻逸雯','','Blackeyes',1,1397638005,0,0,'a97d239f4db146ed1178a18e43bd486b','','',0),(1072,'Jlina','何娇娇','','Jlina',1,1397638005,0,0,'a97d239f4db146ed1178a18e43bd486b','','',0),(1073,'ZL-Jessie','辛晓丽','','ZL-Jessie',1,1397638005,0,0,'a97d239f4db146ed1178a18e43bd486b','','',0),(1074,'ZL-ken','邵晓玉','','ZL-ken',1,1397638005,0,0,'a97d239f4db146ed1178a18e43bd486b','','',0),(1075,'HZ-Helen','王梅霖','','HZ-Helen',1,1397638005,0,0,'a97d239f4db146ed1178a18e43bd486b','','',0),(1076,'Serve','淳青山','','Serve',1,1397638005,0,0,'a97d239f4db146ed1178a18e43bd486b','','',0),(1077,'SC-Sally1','熊佳','','SC-Sally1',1,1397638005,0,0,'a97d239f4db146ed1178a18e43bd486b','','',0),(1078,'Shawn','杨旭','','Shawn',1,1397638005,0,0,'a97d239f4db146ed1178a18e43bd486b','','',0),(1079,'Vincent(cq)','叶佩','','Vincent(cq)',1,1397638005,0,0,'a97d239f4db146ed1178a18e43bd486b','','',0),(1080,'Sylar','唐华','','Sylar',1,1397638005,0,0,'a97d239f4db146ed1178a18e43bd486b','','',0),(1081,'Barry','龚亮华','','Barry',1,1397638005,0,0,'a97d239f4db146ed1178a18e43bd486b','','',0),(1082,'SC-Jeffrey','叶欣','','SC-Jeffrey',1,1397638005,0,0,'a97d239f4db146ed1178a18e43bd486b','','',0),(1083,'Black','张燚','','Black',1,1397638005,0,0,'a97d239f4db146ed1178a18e43bd486b','','',0),(1084,'Peggy','谭清月','','Peggy',1,1397638005,0,0,'a97d239f4db146ed1178a18e43bd486b','','',0),(1085,'Christion','王志程','','Christion',1,1397638005,0,0,'a97d239f4db146ed1178a18e43bd486b','','',0),(1086,'Soros','杨东游','','Soros',1,1397638005,0,0,'a97d239f4db146ed1178a18e43bd486b','','',0),(1087,'Sanji','陈聪1','','Sanji',1,1397638005,0,0,'a97d239f4db146ed1178a18e43bd486b','','',0),(1088,'SC-Lucia','唐晓璐','','SC-Lucia',1,1397638005,0,1409711162,'a97d239f4db146ed1178a18e43bd486b','','',0),(1089,'Hotly','夏红英','','Hotly',1,1397638005,0,0,'a97d239f4db146ed1178a18e43bd486b','','',0),(1090,'bj-Eileen','姜丽丽','','bj-Eileen',1,1397638005,0,0,'a97d239f4db146ed1178a18e43bd486b','','',0),(1091,'SC-Lucy','杨婉婷','','SC-Lucy',1,1397638005,0,0,'a97d239f4db146ed1178a18e43bd486b','','',0),(1092,'Alexey','李刚','','Alexey',1,1397638005,0,0,'a97d239f4db146ed1178a18e43bd486b','','',0),(1093,'Ripley','罗梦轲','','Ripley',1,1397638005,0,0,'a97d239f4db146ed1178a18e43bd486b','','',0),(1094,'Una','刘娜','','Una',1,1397638005,0,0,'a97d239f4db146ed1178a18e43bd486b','','',0),(1095,'SC-Cindy','赵希','','SC-Cindy',1,1397638005,0,0,'a97d239f4db146ed1178a18e43bd486b','','',0),(1096,'Colour','赵芳','','Colour',1,1397638005,0,1407736810,'a97d239f4db146ed1178a18e43bd486b','','',0),(1097,'Julie','伍丽娟','','Julie',1,1397638005,0,0,'a97d239f4db146ed1178a18e43bd486b','','',0),(1098,'SC-Monkey','胡青','','SC-Monkey',1,1397638005,0,0,'a97d239f4db146ed1178a18e43bd486b','','',0),(1099,'Wallow','徐燕','','Wallow',1,1397638005,0,0,'a97d239f4db146ed1178a18e43bd486b','','',0),(1100,'Royi','黄娟','','Royi',1,1397638005,0,0,'a97d239f4db146ed1178a18e43bd486b','','',0),(1101,'SC-Red','蒋均','','SC-Red',1,1397638005,0,0,'d89b0c326e4b63ef52e66ca5c7b72902','','',0),(1102,'Whymi','吴娟','','Whymi',1,1397638005,0,0,'a97d239f4db146ed1178a18e43bd486b','','',0),(1103,'Pooh','刘美佳','','Pooh',1,1397638005,0,0,'a97d239f4db146ed1178a18e43bd486b','','',0),(1104,'Camille','王娟（sc）','','Camille',1,1397638005,0,0,'a97d239f4db146ed1178a18e43bd486b','','',0),(1105,'Bj-Alice','刘英','','Bj-Alice',1,1397638005,0,0,'a97d239f4db146ed1178a18e43bd486b','','',0),(1106,'Bj-Star','徐明星','','Bj-Star',1,1397638005,0,0,'a97d239f4db146ed1178a18e43bd486b','','',0),(1107,'Candice.Chen','陈雪','','Candice.Chen',1,1397638005,0,0,'a97d239f4db146ed1178a18e43bd486b','','',0),(1108,'Ramirez','邱豪','','Ramirez',1,1397638005,0,0,'a97d239f4db146ed1178a18e43bd486b','','',0),(1109,'Feather','罗显羽','','Feather',1,1397638005,0,0,'a97d239f4db146ed1178a18e43bd486b','','',0),(1110,'Reta','徐李波','','Reta',1,1397638005,0,0,'a97d239f4db146ed1178a18e43bd486b','','',0),(1111,'GZ_Win','王钟声','','GZ_Win',1,1397638005,0,0,'a97d239f4db146ed1178a18e43bd486b','','',0),(1112,'GZ_Bay','赖晓芬','','GZ_Bay',1,1397638005,0,0,'a97d239f4db146ed1178a18e43bd486b','','',0),(1113,'Lynne','何玲','','Lynne',1,1397638005,0,0,'a97d239f4db146ed1178a18e43bd486b','','',0),(1114,'SC-Alisa','蒋艳萍','','SC-Alisa',1,1397638005,0,0,'a97d239f4db146ed1178a18e43bd486b','','',0),(1115,'Rain','陈俊勇','','Rain',1,1397638005,0,0,'a97d239f4db146ed1178a18e43bd486b','','',0),(1116,'Jeeson','姜山','','Jeeson',1,1397638005,0,0,'a97d239f4db146ed1178a18e43bd486b','','',0),(1117,'Sailor','陈利华','','Sailor',1,1397638005,0,0,'a97d239f4db146ed1178a18e43bd486b','','',0),(1118,'Snowy','李晓林','','Snowy',1,1397638005,0,0,'a97d239f4db146ed1178a18e43bd486b','','',0),(1119,'SC-Nicole','张兰','','SC-Nicole',1,1397638005,0,0,'a97d239f4db146ed1178a18e43bd486b','','',0),(1120,'Ailsa','任玺霖','','Ailsa',1,1397638005,0,0,'a97d239f4db146ed1178a18e43bd486b','','',0),(1121,'GZ_Dragon','龙晓平','','GZ_Dragon',1,1397638005,0,0,'a97d239f4db146ed1178a18e43bd486b','','',0),(1122,'Neal','胡小明','','Neal',1,1397638005,0,0,'a97d239f4db146ed1178a18e43bd486b','','',0),(1123,'Beth','李  佳','','Beth',1,1397638005,0,0,'a97d239f4db146ed1178a18e43bd486b','','',0),(1124,'Angelina','赵丽娜','','Angelina',1,1397638005,0,0,'a97d239f4db146ed1178a18e43bd486b','','',0),(1125,'Iverson','王鑫科','','Iverson',1,1397638005,0,0,'a97d239f4db146ed1178a18e43bd486b','','',0),(1126,'ZC-sally','王晓菲','','ZC-sally',1,1397638005,0,0,'a97d239f4db146ed1178a18e43bd486b','','',0),(1127,'Brucel','周超','','Brucel',1,1397638005,0,0,'a97d239f4db146ed1178a18e43bd486b','','',0),(1128,'SC-Kimi','杨婷1','','SC-Kimi',1,1397638005,0,1407735882,'e10adc3949ba59abbe56e057f20f883e','','',0),(1129,'GZ_ChingYan','袁康清','','GZ_ChingYan',1,1397638005,0,0,'a97d239f4db146ed1178a18e43bd486b','','',0),(1130,'Harper','齐宇驰','','Harper',1,1397638005,0,0,'a97d239f4db146ed1178a18e43bd486b','','',0),(1131,'Handy','韩建甫','','Handy',1,1397638005,0,0,'a97d239f4db146ed1178a18e43bd486b','','',0),(1132,'SC-Megan','张梅（市场）','','SC-Megan',1,1397638005,0,0,'a97d239f4db146ed1178a18e43bd486b','','',0),(1133,'Jon','肖秋','','Jon',1,1397638005,0,0,'a97d239f4db146ed1178a18e43bd486b','','',0),(1134,'Helena','尹艳阳','','Helena',1,1397638005,0,0,'a97d239f4db146ed1178a18e43bd486b','','',0),(1135,'SZ-Nina','张利君','','SZ-Nina',1,1397638005,0,0,'a97d239f4db146ed1178a18e43bd486b','','',0),(1136,'Yif','韦秋城','','Yif',1,1397638005,0,0,'a97d239f4db146ed1178a18e43bd486b','','',0),(1137,'SZ-Allen','王刚（深圳）','','SZ-Allen',1,1397638005,0,0,'a97d239f4db146ed1178a18e43bd486b','','',0),(1138,'Snow','李雪芬','','Snow',1,1397638005,0,0,'a97d239f4db146ed1178a18e43bd486b','','',0),(1139,'Blair','陈亚洁','','Blair',1,1397638005,0,0,'a97d239f4db146ed1178a18e43bd486b','','',0),(1140,'BJ-Fitch','刘洋','','BJ-Fitch',1,1397638005,0,0,'a97d239f4db146ed1178a18e43bd486b','','',0),(1141,'BJ-Aaron','曹晓阳','','BJ-Aaron',1,1397638005,0,0,'a97d239f4db146ed1178a18e43bd486b','','',0),(1142,'SC-Alan','陈伟','','SC-Alan',1,1397638005,0,0,'a97d239f4db146ed1178a18e43bd486b','','',0),(1143,'Hank','王朝','','Hank',1,1397638005,0,0,'a97d239f4db146ed1178a18e43bd486b','','',0),(1144,'GZ_Yolanda','陈鑫蕾','','GZ_Yolanda',1,1397638005,0,0,'a97d239f4db146ed1178a18e43bd486b','','',0),(1145,'Olivar','邓树华','','Olivar',1,1397638005,0,0,'a97d239f4db146ed1178a18e43bd486b','','',0),(1146,'Annie','刘露苹','','Annie',1,1397638005,0,0,'a97d239f4db146ed1178a18e43bd486b','','',0),(1147,'Madeline','李姣','','Madeline',1,1397638005,0,0,'a97d239f4db146ed1178a18e43bd486b','','',0),(1148,'Evangeline','聂芳','','Evangeline',1,1397638005,0,0,'a97d239f4db146ed1178a18e43bd486b','','',0),(1149,'Zero','陈泳旭','','Zero',1,1397638005,0,0,'a97d239f4db146ed1178a18e43bd486b','','',0),(1150,'Brant','靳丁南','','Brant',1,1397638005,0,0,'a97d239f4db146ed1178a18e43bd486b','','',0),(1151,'ZL-Demi','郑晓凤','','ZL-Demi',1,1397638005,0,0,'a97d239f4db146ed1178a18e43bd486b','','',0),(1152,'SC-Allen','张小浪','','SC-Allen',1,1397638005,0,0,'a97d239f4db146ed1178a18e43bd486b','','',0),(1153,'SC-Tess','周月','','SC-Tess',1,1397638005,0,0,'a97d239f4db146ed1178a18e43bd486b','','',0),(1154,'SC-Angela','邓梦','','SC-Angela',1,1397638005,0,0,'a97d239f4db146ed1178a18e43bd486b','','',0),(1155,'Wisdom','阮明江','','Wisdom',1,1397638005,0,0,'a97d239f4db146ed1178a18e43bd486b','','',0),(1156,'Jing','罗婧婧','','Jing',1,1397638005,0,0,'a97d239f4db146ed1178a18e43bd486b','','',0),(1157,'Momtboy','陈聪','','Momtboy',1,1397638005,0,0,'a97d239f4db146ed1178a18e43bd486b','','',0),(1158,'HZ-Betty','张双余','','HZ-Betty',1,1397638005,0,0,'a97d239f4db146ed1178a18e43bd486b','','',0),(1159,'HZ-jason','季汉欣','','HZ-jason',1,1397638005,0,0,'a97d239f4db146ed1178a18e43bd486b','','',0),(1160,'Chole','袁乙菲','','Chole',1,1397638005,0,0,'a97d239f4db146ed1178a18e43bd486b','','',0),(1161,'Seer','龙飞','','Seer',1,1397638005,0,0,'a97d239f4db146ed1178a18e43bd486b','','',0),(1162,'Rabbit','张涛','','Rabbit',1,1397638005,0,0,'a97d239f4db146ed1178a18e43bd486b','','',0),(1163,'sc-Peggy','朱丽丽','','sc-Peggy',1,1397638005,0,0,'a97d239f4db146ed1178a18e43bd486b','','',0),(1164,'Bj-Emily','赵雪薇','','Bj-Emily',1,1397638005,0,0,'a97d239f4db146ed1178a18e43bd486b','','',0),(1165,'Coffee','甘菲','','Coffee',1,1397638005,0,0,'a97d239f4db146ed1178a18e43bd486b','','',0),(1166,'Jill','蒋依芮','','Jill',1,1397638005,0,0,'a97d239f4db146ed1178a18e43bd486b','','',0),(1167,'Sally','张文萍','','Sally',1,1397638005,0,0,'a97d239f4db146ed1178a18e43bd486b','','',0),(1168,'Witch','魏杰','','Witch',1,1397638005,0,0,'a97d239f4db146ed1178a18e43bd486b','','',0),(1169,'Candle','肖琴','','Candle',1,1397638005,0,0,'a97d239f4db146ed1178a18e43bd486b','','',0),(1170,'Kyle','周方建','','Kyle',1,1397638005,0,0,'a97d239f4db146ed1178a18e43bd486b','','',0),(1171,'Fherish','王小凤','','Fherish',1,1397638005,0,0,'a97d239f4db146ed1178a18e43bd486b','','',0),(1172,'Aruth','敬小波','','Aruth',1,1397638005,0,0,'a97d239f4db146ed1178a18e43bd486b','','',0),(1173,'Johnny','任绍兴','','Johnny',1,1397638005,0,0,'a97d239f4db146ed1178a18e43bd486b','','',0),(1174,'Trista','何艳','','Trista',1,1397638005,0,0,'a97d239f4db146ed1178a18e43bd486b','','',0),(1175,'Five','王琪','','Five',1,1397638005,0,0,'a97d239f4db146ed1178a18e43bd486b','','',0),(1176,'Sneezer','何烁','','Sneezer',1,1397638005,0,0,'a97d239f4db146ed1178a18e43bd486b','','',0),(1177,'BJ-joe','王宏超','','BJ-joe',1,1397638005,0,0,'a97d239f4db146ed1178a18e43bd486b','','',0),(1178,'Arise','赵虎','','Arise',1,1397638005,0,0,'a97d239f4db146ed1178a18e43bd486b','','',0),(1179,'BJ-Bill','侯晓飞','','BJ-Bill',1,1397638005,0,0,'a97d239f4db146ed1178a18e43bd486b','','',0),(1180,'Luke','卢正华','','Luke',1,1397638005,0,0,'a97d239f4db146ed1178a18e43bd486b','','',0),(1181,'Sage','李婷1','','Sage',1,1397638005,0,0,'a97d239f4db146ed1178a18e43bd486b','','',0),(1182,'Harveyliu','刘光健','','Harveyliu',1,1397638005,0,0,'a97d239f4db146ed1178a18e43bd486b','','',0),(1183,'Puregen','赵廷根','','Puregen',1,1397638005,0,0,'a97d239f4db146ed1178a18e43bd486b','','',0),(1184,'Carmen','王思涵','','Carmen',1,1397638005,0,0,'a97d239f4db146ed1178a18e43bd486b','','',0),(1185,'GZ_Cathy','资满燕','','GZ_Cathy',1,1397638005,0,0,'a97d239f4db146ed1178a18e43bd486b','','',0),(1186,'Abobo','吴世涨','','Abobo',1,1397638005,0,0,'a97d239f4db146ed1178a18e43bd486b','','',0),(1187,'Tanci','王天慈','','Tanci',1,1397638005,0,0,'a97d239f4db146ed1178a18e43bd486b','','',0),(1188,'SC-Cloud','牛云松','','SC-Cloud',1,1397638005,0,0,'a97d239f4db146ed1178a18e43bd486b','','',0),(1189,'SC-Nina','彭玮','','SC-Nina',1,1397638005,0,0,'a97d239f4db146ed1178a18e43bd486b','','',0),(1190,'SC-Emma','李倩','','SC-Emma',1,1397638005,0,0,'a97d239f4db146ed1178a18e43bd486b','','',0),(1191,'SC-Wendy','钟颖','','SC-Wendy',1,1397638005,0,0,'a97d239f4db146ed1178a18e43bd486b','','',0),(1192,'Kiddy','姜辉','','Kiddy',1,1397638005,0,0,'a97d239f4db146ed1178a18e43bd486b','','',0),(1193,'SC-Claire','庞桂英','','SC-Claire',1,1397638005,0,0,'a97d239f4db146ed1178a18e43bd486b','','',0),(1194,'BJ-Elva','王玉平','','BJ-Elva',1,1397638005,0,0,'a97d239f4db146ed1178a18e43bd486b','','',0),(1195,'Marian','张晓敏','','Marian',1,1397638005,0,0,'a97d239f4db146ed1178a18e43bd486b','','',0),(1196,'Hugh','何宁','','Hugh',1,1397638005,0,0,'a97d239f4db146ed1178a18e43bd486b','','',0),(1197,'SC-Seer','张向木','','SC-Seer',1,1397638005,0,0,'a97d239f4db146ed1178a18e43bd486b','','',0),(1198,'Chuck','陈纪钢','','Chuck',1,1397638005,0,0,'e10adc3949ba59abbe56e057f20f883e','','',0),(1199,'Cheryl','张倩（四川）','','Cheryl',1,1397638005,0,0,'a97d239f4db146ed1178a18e43bd486b','','',0),(1200,'Lysalisa','郑立霞(北京)','','Lysalisa',1,1397638005,0,0,'a97d239f4db146ed1178a18e43bd486b','','',0),(1201,'Sylvia','王婷','','Sylvia',1,1397638005,0,0,'a97d239f4db146ed1178a18e43bd486b','','',0),(1202,'Devin','陈世康','','Devin',1,1397638005,0,0,'a97d239f4db146ed1178a18e43bd486b','','',0),(1203,'Gerrard','程鸽','','Gerrard',1,1397638005,0,0,'a97d239f4db146ed1178a18e43bd486b','','',0),(1204,'Shepard','宋连宇','','Shepard',1,1397638005,0,0,'a97d239f4db146ed1178a18e43bd486b','','',0),(1205,'Porter','何忠宝','','Porter',1,1397638005,0,0,'a97d239f4db146ed1178a18e43bd486b','','',0),(1206,'BJ-Allen','姜建柱','','BJ-Allen',1,1397638005,0,0,'a97d239f4db146ed1178a18e43bd486b','','',0),(1207,'Jennife','刘丹（四川)','','Jennife',1,1397638005,0,0,'a97d239f4db146ed1178a18e43bd486b','','',0),(1208,'Stones','石磊','','Stones',1,1397638005,0,1411628048,'a97d239f4db146ed1178a18e43bd486b','','',0),(1209,'Moses','夏长平','','Moses',1,1397638005,0,0,'a97d239f4db146ed1178a18e43bd486b','','',0),(1210,'Zake','张祖渊','','Zake',1,1397638005,0,0,'a97d239f4db146ed1178a18e43bd486b','','',0),(1211,'Derrick','马兵','','Derrick',1,1397638005,0,0,'a97d239f4db146ed1178a18e43bd486b','','',0),(1212,'Bacchus','张文敏','','Bacchus',1,1397638005,0,0,'a97d239f4db146ed1178a18e43bd486b','','',0),(1213,'Dennis','宋自强','','Dennis',1,1397638005,0,0,'a97d239f4db146ed1178a18e43bd486b','','',0),(1214,'Alice(bj)','陈耀心','','Alice(bj)',1,1397638005,0,0,'a97d239f4db146ed1178a18e43bd486b','','',0),(1215,'Only','吴双','','Only',1,1397638005,0,0,'a97d239f4db146ed1178a18e43bd486b','','',0),(1216,'King(cq)','马祥','','King(cq)',1,1397638005,0,0,'a97d239f4db146ed1178a18e43bd486b','','',0),(1217,'Jingjing','廖静','','Jingjing',1,1397638005,0,0,'a97d239f4db146ed1178a18e43bd486b','','',0),(1218,'jump','郭军鹏','','jump',1,1397638005,0,0,'a97d239f4db146ed1178a18e43bd486b','','',0),(1219,'HZ-sunny','潘博','','HZ-sunny',1,1397638005,0,0,'a97d239f4db146ed1178a18e43bd486b','','',0),(1220,'Athena','陈平萍','','Athena',1,1397638005,0,0,'a97d239f4db146ed1178a18e43bd486b','','',0),(1221,'Shmily','张敏（四川）','','Shmily',1,1397638005,0,0,'a97d239f4db146ed1178a18e43bd486b','','',0),(1222,'Lyou','罗常勇','','Lyou',1,1397638005,0,0,'a97d239f4db146ed1178a18e43bd486b','','',0),(1223,'HecRan','苏然','','HecRan',1,1397638005,0,0,'a97d239f4db146ed1178a18e43bd486b','','',0),(1224,'Rajon','贺学东','','Rajon',1,1397638005,0,0,'a97d239f4db146ed1178a18e43bd486b','','',0),(1225,'Semine','祝诗然','','Semine',1,1397638005,0,0,'a97d239f4db146ed1178a18e43bd486b','','',0),(1226,'Juily','周利英','','Juily',1,1397638005,0,0,'a97d239f4db146ed1178a18e43bd486b','','',0),(1227,'Yumi','李采薇','','Yumi',1,1397638005,0,0,'a97d239f4db146ed1178a18e43bd486b','','',0),(1228,'Bob(cq)','杜友为','','Bob(cq)',1,1397638005,0,0,'a97d239f4db146ed1178a18e43bd486b','','',0),(1229,'Hanson','孟韩森','','Hanson',1,1397638005,0,0,'a97d239f4db146ed1178a18e43bd486b','','',0),(1230,'Furion','张韬','','Furion',1,1397638005,0,0,'a97d239f4db146ed1178a18e43bd486b','','',0),(1231,'Warren','万鑫','','Warren',1,1397638005,0,0,'a97d239f4db146ed1178a18e43bd486b','','',0),(1232,'BJ-Ethan','田野','','BJ-Ethan',1,1397638005,0,0,'a97d239f4db146ed1178a18e43bd486b','','',0),(1233,'Iren','张玲(专利)','','Iren',1,1397638005,0,0,'a97d239f4db146ed1178a18e43bd486b','','',0),(1234,'Hiyee','朱海怡','','Hiyee',1,1397638005,0,0,'a97d239f4db146ed1178a18e43bd486b','','',0),(1235,'Arthas','周先伟','','Arthas',1,1397638005,0,0,'a97d239f4db146ed1178a18e43bd486b','','',0),(1236,'Aegean','丛洪杰','','Aegean',1,1397638005,0,0,'a97d239f4db146ed1178a18e43bd486b','','',0),(1237,'Davy','王东伟','','Davy',1,1397638005,0,0,'a97d239f4db146ed1178a18e43bd486b','','',0),(1238,'Horace','王世超','','Horace',1,1397638005,0,0,'a97d239f4db146ed1178a18e43bd486b','','',0),(1239,'Yannis','庞亚男','','Yannis',1,1397638005,0,0,'a97d239f4db146ed1178a18e43bd486b','','',0),(1240,'Giggs','曾圣国','','Giggs',1,1397638005,0,0,'a97d239f4db146ed1178a18e43bd486b','','',0),(1241,'Derry','罗娟','','Derry',1,1397638005,0,0,'a97d239f4db146ed1178a18e43bd486b','','',0),(1242,'Arlene','李亚菲','','Arlene',1,1397638005,0,0,'a97d239f4db146ed1178a18e43bd486b','','',0),(1243,'Jesselyn','李宇喆','','Jesselyn',1,1397638005,0,0,'a97d239f4db146ed1178a18e43bd486b','','',0),(1244,'Whisper','孙福聆','','Whisper',1,1397638005,0,0,'a97d239f4db146ed1178a18e43bd486b','','',0),(1245,'Cassie','周晓欢','','Cassie',1,1397638005,0,0,'a97d239f4db146ed1178a18e43bd486b','','',0),(1246,'CQ-Nick','黄思元','','CQ-Nick',1,1397638005,0,0,'a97d239f4db146ed1178a18e43bd486b','','',0),(1247,'Ocean','范阳海','','Ocean',1,1397638005,0,0,'a97d239f4db146ed1178a18e43bd486b','','',0),(1248,'Rechel','罗雪','','Rechel',1,1397638005,0,0,'a97d239f4db146ed1178a18e43bd486b','','',0),(1249,'BJ-Baron','刘雷朋','','BJ-Baron',1,1397638005,0,0,'a97d239f4db146ed1178a18e43bd486b','','',0),(1250,'BJ-Belinda','及焕芹','','BJ-Belinda',1,1397638005,0,0,'a97d239f4db146ed1178a18e43bd486b','','',0),(1251,'Kelvin','信超','','Kelvin',1,1397638005,0,0,'a97d239f4db146ed1178a18e43bd486b','','',0),(1252,'Dalong','龙科成','','Dalong',1,1397638005,0,0,'a97d239f4db146ed1178a18e43bd486b','','',0),(1253,'Debbie','高琴','','Debbie',1,1397638005,0,0,'a97d239f4db146ed1178a18e43bd486b','','',0),(1254,'Greta','苟婷婷','','Greta',1,1397638005,0,0,'a97d239f4db146ed1178a18e43bd486b','','',0),(1255,'Yatina','郑雅婷','','Yatina',1,1397638005,0,0,'a97d239f4db146ed1178a18e43bd486b','','',0),(1256,'Zhcarrie','张靖唯','','Zhcarrie',1,1397638005,0,0,'a97d239f4db146ed1178a18e43bd486b','','',0),(1257,'GZ_Rocky','洪建才','','GZ_Rocky',1,1397638005,0,0,'a97d239f4db146ed1178a18e43bd486b','','',0),(1258,'Tao','张涛(SC)','','Tao',1,1397638005,0,0,'a97d239f4db146ed1178a18e43bd486b','','',0),(1259,'Icey','凌晓凤','','Icey',1,1397638005,0,0,'a97d239f4db146ed1178a18e43bd486b','','',0),(1260,'Lincoln','刘林','','Lincoln',1,1397638005,0,0,'a97d239f4db146ed1178a18e43bd486b','','',0),(1261,'HZ-Cathy','聂婷','','HZ-Cathy',1,1397638005,0,0,'a97d239f4db146ed1178a18e43bd486b','','',0),(1262,'Aimme','黄俊','','Aimme',1,1397638005,0,0,'a97d239f4db146ed1178a18e43bd486b','','',0),(1263,'Vanessa','甘洪伟','','Vanessa',1,1397638005,0,0,'a97d239f4db146ed1178a18e43bd486b','','',0),(1264,'Ludy','高寒','','Ludy',1,1397638005,0,0,'a97d239f4db146ed1178a18e43bd486b','','',0),(1265,'Sandy','李秋艳','','Sandy',1,1397638005,0,0,'a97d239f4db146ed1178a18e43bd486b','','',0),(1266,'Danie','黄丹丽','','Danie',1,1397638005,0,0,'a97d239f4db146ed1178a18e43bd486b','','',0),(1267,'Lydia-sw','李海玉','','Lydia-sw',1,1397638005,0,0,'a97d239f4db146ed1178a18e43bd486b','','',0),(1268,'Julian','陈咏梅','','Julian',1,1397638005,0,0,'a97d239f4db146ed1178a18e43bd486b','','',0),(1269,'Pencil','冯西冕','','Pencil',1,1397638005,0,0,'a97d239f4db146ed1178a18e43bd486b','','',0),(1270,'Lani','龙凤','','Lani',1,1397638005,0,0,'a97d239f4db146ed1178a18e43bd486b','','',0),(1271,'Ganker','郭宝权','','Ganker',1,1397638005,0,0,'a97d239f4db146ed1178a18e43bd486b','','',0),(1272,'Jolin','曾静','','Jolin',1,1397638005,0,0,'a97d239f4db146ed1178a18e43bd486b','','',0),(1273,'Celine','朱晖','','Celine',1,1397638005,0,0,'a97d239f4db146ed1178a18e43bd486b','','',0),(1274,'kevin-sw','代英鑫','','kevin-sw',1,1397638005,0,0,'a97d239f4db146ed1178a18e43bd486b','','',0),(1275,'Serena','邹雪莹','','Serena',1,1397638005,0,0,'a5cd58c9a5024fe708aca9aa195c5e11','','',0),(1276,'lotus','何文沛','','lotus',1,1397638005,0,0,'a97d239f4db146ed1178a18e43bd486b','','',0),(1277,'Konsnow','张胜坤','','Konsnow',1,1397638005,0,0,'a97d239f4db146ed1178a18e43bd486b','','',0),(1278,'BJ-Thomas','刘溪','','BJ-Thomas',1,1397638005,0,0,'a97d239f4db146ed1178a18e43bd486b','','',0),(1279,'Joan','郝娜娟','','Joan',1,1397638005,0,0,'a97d239f4db146ed1178a18e43bd486b','','',0),(1280,'Marissa','袁书娟','','Marissa',1,1397638005,0,0,'a97d239f4db146ed1178a18e43bd486b','','',0),(1281,'SW-Sonia','陈晋','','SW-Sonia',1,1397638005,0,0,'a97d239f4db146ed1178a18e43bd486b','','',0),(1282,'Trainer','唐磊落','','Trainer',1,1397638005,0,0,'a97d239f4db146ed1178a18e43bd486b','','',0),(1283,'Welven','吴菁','','Welven',1,1397638005,0,0,'a97d239f4db146ed1178a18e43bd486b','','',0),(1284,'SC-Eddy','欧光明','','SC-Eddy',1,1397638005,0,0,'a97d239f4db146ed1178a18e43bd486b','','',0),(1285,'GZ_Iris','刘 洋','','GZ_Iris',1,1397638005,0,0,'a97d239f4db146ed1178a18e43bd486b','','',0),(1286,'GZ_Neva','卢少娜','','GZ_Neva',1,1397638005,0,0,'a97d239f4db146ed1178a18e43bd486b','','',0),(1287,'Road','周剑锋','','Road',1,1397638005,0,0,'a97d239f4db146ed1178a18e43bd486b','','',0),(1288,'Olina','宋蓉','','Olina',1,1397638005,0,0,'a97d239f4db146ed1178a18e43bd486b','','',0),(1289,'Charlotte','龙敏','','Charlotte',1,1397638005,0,0,'a97d239f4db146ed1178a18e43bd486b','','',0),(1290,'0bed','文江林','','0bed',1,1397638005,0,0,'a97d239f4db146ed1178a18e43bd486b','','',0),(1291,'Rose','敬斯斯','','Rose',1,1397638005,0,0,'a97d239f4db146ed1178a18e43bd486b','','',0),(1292,'Aom','崔珊珊','','Aom',1,1397638005,0,0,'a97d239f4db146ed1178a18e43bd486b','','',0),(1293,'Roylicn','支春玉','','Roylicn',1,1397638005,0,0,'a97d239f4db146ed1178a18e43bd486b','','',0),(1294,'Faker','兰凯','','Faker',1,1397638005,0,0,'a97d239f4db146ed1178a18e43bd486b','','',0),(1295,'BJ-Jilly','韩露','','BJ-Jilly',1,1397638005,0,0,'a97d239f4db146ed1178a18e43bd486b','','',0),(1296,'Jennifer','原婧','','Jennifer',1,1397638005,0,0,'a97d239f4db146ed1178a18e43bd486b','','',0),(1297,'HZ-ELLEN','李斌','','HZ-ELLEN',1,1397638005,0,0,'a97d239f4db146ed1178a18e43bd486b','','',0),(1298,'HZ-Alex','王华','','HZ-Alex',1,1397638005,0,0,'a97d239f4db146ed1178a18e43bd486b','','',0),(1299,'Jo','毛亚磊','','Jo',1,1397638005,0,0,'a97d239f4db146ed1178a18e43bd486b','','',0),(1300,'Roy','周济','','Roy',1,1397638005,0,0,'a97d239f4db146ed1178a18e43bd486b','','',0),(1301,'Sebrina','陈珊珊','','Sebrina',1,1397638005,0,0,'a97d239f4db146ed1178a18e43bd486b','','',0),(1302,'HZ-Andy','洪江琦','','HZ-Andy',1,1397638005,0,0,'a97d239f4db146ed1178a18e43bd486b','','',0),(1303,'Ryan','孙志峰','','Ryan',1,1397638005,0,0,'a97d239f4db146ed1178a18e43bd486b','','',0),(1304,'Gina','高嘉蔚','','Gina',1,1397638005,0,0,'a97d239f4db146ed1178a18e43bd486b','','',0),(1305,'Shel','陈婷','','Shel',1,1397638005,0,0,'a97d239f4db146ed1178a18e43bd486b','','',0),(1306,'Xuni','张旭','','Xuni',1,1397638005,0,0,'a97d239f4db146ed1178a18e43bd486b','','',0),(1307,'Stelzig','陈超（四川）','','Stelzig',1,1397638005,0,0,'a97d239f4db146ed1178a18e43bd486b','','',0),(1308,'Likas','陈黎佳','','Likas',1,1397638005,0,0,'a97d239f4db146ed1178a18e43bd486b','','',0),(1309,'Qiming','劳明奇','','Qiming',1,1397638005,0,0,'a97d239f4db146ed1178a18e43bd486b','','',0),(1310,'Xiangxiang','陈青香','','Xiangxiang',1,1397638005,0,0,'a97d239f4db146ed1178a18e43bd486b','','',0),(1311,'Zelda','赵娇娇','','Zelda',1,1397638005,0,0,'a97d239f4db146ed1178a18e43bd486b','','',0),(1312,'Esda','黄仁聪','','Esda',1,1397638005,0,0,'a97d239f4db146ed1178a18e43bd486b','','',0),(1313,'HZ-Echo','孙林香','','HZ-Echo',1,1397638005,0,0,'a97d239f4db146ed1178a18e43bd486b','','',0),(1314,'Silva','李奕辰','','Silva',1,1397638005,0,0,'a97d239f4db146ed1178a18e43bd486b','','',0),(1315,'HZ-Shirley','吴先莉','','HZ-Shirley',1,1397638005,0,0,'a97d239f4db146ed1178a18e43bd486b','','',0),(1316,'HZ-Ady','胡雪莉','','HZ-Ady',1,1397638005,0,0,'a97d239f4db146ed1178a18e43bd486b','','',0),(1317,'poly','蒲自元','','poly',1,1397638005,0,0,'a97d239f4db146ed1178a18e43bd486b','','',0),(1318,'Katherine','张婕','','Katherine',1,1397638005,0,0,'a97d239f4db146ed1178a18e43bd486b','','',0),(1319,'Iris.li','李进','','Iris.li',1,1397638005,0,0,'a97d239f4db146ed1178a18e43bd486b','','',0),(1320,'David.R','任卫','','David.R',1,1397638005,0,0,'a97d239f4db146ed1178a18e43bd486b','','',0),(1321,'Jumite','赵剑鸿','','Jumite',1,1397638005,0,0,'a97d239f4db146ed1178a18e43bd486b','','',0),(1322,'Feng','李小凤','','Feng',1,1397638005,0,0,'a97d239f4db146ed1178a18e43bd486b','','',0),(1323,'Zooky','宋耀祖','','Zooky',1,1397638005,0,0,'a97d239f4db146ed1178a18e43bd486b','','',0),(1324,'Emily.F','范元树','','Emily.F',1,1397638005,0,0,'a97d239f4db146ed1178a18e43bd486b','','',0),(1325,'SC-Ivy','殷正凤','','SC-Ivy',1,1397638005,0,0,'a97d239f4db146ed1178a18e43bd486b','','',0),(1326,'BJ-Elaine','马婷婷','','BJ-Elaine',1,1397638005,0,0,'a97d239f4db146ed1178a18e43bd486b','','',0),(1327,'BJ-Jessie','张净','','BJ-Jessie',1,1397638005,0,0,'a97d239f4db146ed1178a18e43bd486b','','',0),(1328,'Yao','朱彬尧','','Yao',1,1397638005,0,0,'a97d239f4db146ed1178a18e43bd486b','','',0),(1329,'HZ-Sam','方彪','','HZ-Sam',1,1397638005,0,0,'a97d239f4db146ed1178a18e43bd486b','','',0),(1330,'Kinki','黄芬','','Kinki',1,1397638005,0,0,'a97d239f4db146ed1178a18e43bd486b','','',0),(1331,'SZ-Coco','李碧辉','','SZ-Coco',1,1397638005,0,0,'a97d239f4db146ed1178a18e43bd486b','','',0),(1332,'Rechard','袁俊刚','','Rechard',1,1397638005,0,0,'a97d239f4db146ed1178a18e43bd486b','','',0),(1333,'Socket','杨翔','','Socket',1,1397638005,0,0,'a97d239f4db146ed1178a18e43bd486b','','',0),(1334,'Kite','张锡军','','Kite',1,1397638005,0,0,'a97d239f4db146ed1178a18e43bd486b','','',0),(1335,'Lycluffy','刘锋','','Lycluffy',1,1397638005,0,0,'a97d239f4db146ed1178a18e43bd486b','','',0),(1336,'BJ-Leo','唐有龙','','BJ-Leo',1,1397638005,0,0,'a97d239f4db146ed1178a18e43bd486b','','',0),(1337,'BJ-Sunny','马阳','','BJ-Sunny',1,1397638005,0,0,'a97d239f4db146ed1178a18e43bd486b','','',0),(1338,'SW-Bella','张一','','SW-Bella',1,1397638005,0,0,'a97d239f4db146ed1178a18e43bd486b','','',0),(1339,'SW-Catherine','赵福田','','SW-Catherine',1,1397638005,0,0,'a97d239f4db146ed1178a18e43bd486b','','',0),(1340,'SW-SuSan','于菲菲','','SW-SuSan',1,1397638005,0,0,'a97d239f4db146ed1178a18e43bd486b','','',0),(1341,'Walter','王廷华','','Walter',1,1397638005,0,0,'a97d239f4db146ed1178a18e43bd486b','','',0),(1342,'HZ-Angela','程珍珍','','HZ-Angela',1,1397638005,0,0,'a97d239f4db146ed1178a18e43bd486b','','',0),(1343,'HZ-Tom','刘志华','','HZ-Tom',1,1397638005,0,0,'a97d239f4db146ed1178a18e43bd486b','','',0),(1344,'Sz-Arthur','曾庆福','','Sz-Arthur',1,1397638005,0,0,'a97d239f4db146ed1178a18e43bd486b','','',0),(1345,'Circle','杨明(专利)','','Circle',1,1397638005,0,0,'a97d239f4db146ed1178a18e43bd486b','','',0),(1346,'CQ-Penny','潘文婷','','CQ-Penny',1,1397638005,0,0,'a97d239f4db146ed1178a18e43bd486b','','',0),(1347,'Candy','王荫','','Candy',1,1397638005,0,0,'a97d239f4db146ed1178a18e43bd486b','','',0),(1348,'Simen','杨勋','','Simen',1,1397638005,0,0,'a97d239f4db146ed1178a18e43bd486b','','',0),(1349,'QQ','王庆','','QQ',1,1397638005,0,0,'a97d239f4db146ed1178a18e43bd486b','','',0),(1350,'GZ-Peigy','王彩金','','GZ-Peigy',1,1397638005,0,0,'a97d239f4db146ed1178a18e43bd486b','','',0),(1351,'Hugo','郝帅锋','','Hugo',1,1397638005,0,0,'a97d239f4db146ed1178a18e43bd486b','','',0),(1352,'Bingo','徐彬','','Bingo',1,1397638005,0,0,'a97d239f4db146ed1178a18e43bd486b','','',0),(1353,'SC-Elena','何涛','','SC-Elena',1,1397638005,0,0,'a97d239f4db146ed1178a18e43bd486b','','',0),(1354,'Versen','彭勇','','Versen',1,1397638005,0,0,'a97d239f4db146ed1178a18e43bd486b','','',0),(1355,'Kernel','王婧然','','Kernel',1,1397638005,0,0,'a97d239f4db146ed1178a18e43bd486b','','',0),(1356,'Tin','孔祥宇','','Tin',1,1397638005,0,0,'a97d239f4db146ed1178a18e43bd486b','','',0),(1357,'Dreamdu','杜宇亮','','Dreamdu',1,1397638005,0,0,'a97d239f4db146ed1178a18e43bd486b','','',0),(1358,'Sue','尹欢','','Sue',1,1397638005,0,0,'a97d239f4db146ed1178a18e43bd486b','','',0),(1359,'Eagle','徐震坤','','Eagle',1,1397638005,0,0,'a97d239f4db146ed1178a18e43bd486b','','',0),(1360,'Lei','罗蕾','','Lei',1,1397638005,0,1413511952,'a97d239f4db146ed1178a18e43bd486b','','',0),(1361,'GZ_Tico','陈永凤','','GZ_Tico',1,1397638005,0,0,'a97d239f4db146ed1178a18e43bd486b','','',0),(1362,'GZ_Fancy','洪凡凡','','GZ_Fancy',1,1397638005,0,0,'a97d239f4db146ed1178a18e43bd486b','','',0),(1363,'Yanyan','晏国珊','','Yanyan',1,1397638005,0,0,'a97d239f4db146ed1178a18e43bd486b','','',0),(1364,'Crilin','徐盼盼','','Crilin',1,1397638005,0,0,'a97d239f4db146ed1178a18e43bd486b','','',0),(1365,'HZ-Anna','党淑姣','','HZ-Anna',1,1397638005,0,0,'a97d239f4db146ed1178a18e43bd486b','','',0),(1366,'Amily','张艳','','Amily',1,1397638005,0,0,'a97d239f4db146ed1178a18e43bd486b','','',0),(1367,'Eco','王森玉','','Eco',1,1397638005,0,0,'a97d239f4db146ed1178a18e43bd486b','','',0),(1368,'Beryar','李昭仪','','Beryar',1,1397638005,0,0,'a97d239f4db146ed1178a18e43bd486b','','',0),(1369,'Paker','陈亮','','Paker',1,1397638005,0,0,'a97d239f4db146ed1178a18e43bd486b','','',0),(1370,'BJ-Gavin','董增辉','','BJ-Gavin',1,1397638005,0,0,'a97d239f4db146ed1178a18e43bd486b','','',0),(1371,'Daiwei','姬忠根','','Daiwei',1,1397638005,0,0,'a97d239f4db146ed1178a18e43bd486b','','',0),(1372,'BJ-Lawrence','张学伟','','BJ-Lawrence',1,1397638005,0,0,'a97d239f4db146ed1178a18e43bd486b','','',0),(1373,'Adley','任爱雷','','Adley',1,1397638005,0,0,'a97d239f4db146ed1178a18e43bd486b','','',0),(1374,'Bena','苟兴鸿','','Bena',1,1397638005,0,0,'a97d239f4db146ed1178a18e43bd486b','','',0),(1375,'reyan','雷燕','','reyan',1,1397638005,0,0,'a97d239f4db146ed1178a18e43bd486b','','',0),(1376,'tmsystem','TM','','tmsystem',1,1397638005,0,1413440384,'a97d239f4db146ed1178a18e43bd486b','','',0),(1377,'sjji123','sj','','sjji123',1,1397638005,0,0,'a97d239f4db146ed1178a18e43bd486b','','',0),(1378,'tdjl123','ly团队经理','','tdjl123',1,1397638005,0,1413768439,'a97d239f4db146ed1178a18e43bd486b','','',0),(1380,'flbfar','法律部分案人','','flbfar',1,1397638005,0,0,'a97d239f4db146ed1178a18e43bd486b','','',0),(1381,'kuaiji123','kuaiji123','','kuaiji123',1,1397638005,0,1412902600,'a97d239f4db146ed1178a18e43bd486b','','',0),(1382,'gw123','ly顾问（合同）','','gw123',1,1397726585,0,1413770069,'a97d239f4db146ed1178a18e43bd486b','','',0),(1383,'ms123','ly秘书（顾问）','','ms123',1,1397727509,0,1412057442,'a97d239f4db146ed1178a18e43bd486b','','',0),(1384,'sjjl123','ly省级经理','','sjjl123',1,1397727661,0,1413169103,'a97d239f4db146ed1178a18e43bd486b','','',0),(1385,'zcdlr123','ly法律部支持代理人','','zcdlr123',1,1397727961,0,0,'a97d239f4db146ed1178a18e43bd486b','','',0),(1386,'fljl123','ly法律部经理(合同)','','fljl123',1,1397727998,0,0,'a97d239f4db146ed1178a18e43bd486b','','',0),(1387,'zj123','ly事业总监','','zj123',1,1397728181,0,0,'a97d239f4db146ed1178a18e43bd486b','','',0),(1388,'bjzg123','报件主管','','bjzg123',1,1397728295,0,1411717109,'a97d239f4db146ed1178a18e43bd486b','','',0),(1389,'chuna123','ly出纳','','chuna123',1,1397728365,0,1413527047,'a97d239f4db146ed1178a18e43bd486b','','',0),(1390,'lian123','ly立案（审核）','','lian123',1,1397734854,0,1413191892,'a97d239f4db146ed1178a18e43bd486b','','',0),(1391,'ly立案（审核）','lian123','','ly立案（审核）',1,1397735302,0,0,'a97d239f4db146ed1178a18e43bd486b','','',0),(1392,'huitu123','ly绘图','','huitu123',1,1397735358,0,1412994695,'a97d239f4db146ed1178a18e43bd486b','','',0),(1393,'bjsj123','ly报件秘书（输机）','','bjsj123',1,1397735488,0,1412995639,'a97d239f4db146ed1178a18e43bd486b','','',0),(1394,'songan1','ly送案（书件制作）','','songan1',1,1397735643,0,1412995667,'a97d239f4db146ed1178a18e43bd486b','','',0),(1395,'songan2','ly送案（确认文档）','','songan2',1,1397735689,0,0,'a97d239f4db146ed1178a18e43bd486b','','',0),(1396,'test','测试通用','','test',1,1397735776,0,1426153024,'6a962563e235e1789e663e356ac8d9e4','','',1400825316),(1397,'dlr','法律部代理人','','dlr',1,1397741437,0,1413169274,'a97d239f4db146ed1178a18e43bd486b','','',0),(1398,'flbzjr','法律部质检人','','flbzjr',1,1397741518,0,1413169996,'a97d239f4db146ed1178a18e43bd486b','','',0),(1399,'flbms','法律部秘书','','flbms',1,1397741658,0,0,'a97d239f4db146ed1178a18e43bd486b','','',0),(1400,'flbsj','法律部输机','','flbsj',1,1397741716,0,0,'a97d239f4db146ed1178a18e43bd486b','','',0),(1401,'gwms','官文秘书','','gwms',1,1397741801,0,1412045857,'a97d239f4db146ed1178a18e43bd486b','','',0),(1402,'gwzg','官文主管','','gwzg',1,1397741984,0,1412046517,'a97d239f4db146ed1178a18e43bd486b','','',0),(1403,'gwzz','官文组长','','gwzz',1,1397742047,0,0,'a97d239f4db146ed1178a18e43bd486b','','',0),(1404,'cgw','c顾问','','cgw',1,1398319834,0,0,'261c24ac24e157c124103f2c03665e27','','',0),(1405,'cpgw','cp顾问','','cpgw',1,1398324440,0,1413531660,'a97d239f4db146ed1178a18e43bd486b','','',0),(1406,'cpms','cp秘书','','cpms',1,1398324560,0,1412056985,'e10adc3949ba59abbe56e057f20f883e','','',0),(1407,'cptdjl','cp团队经理','','cptdjl',1,1398327568,0,1411978098,'e10adc3949ba59abbe56e057f20f883e','','',0),(1408,'cpsjjl','cp省级经理','','cpsjjl',1,1398327670,0,1412902691,'e10adc3949ba59abbe56e057f20f883e','','',0),(1409,'cpbjzg','cp报件主管','','cpbjzg',1,1398328359,0,0,'e10adc3949ba59abbe56e057f20f883e','','',0),(1410,'cpbjms','cp报件秘书','','cpbjms',1,1398328470,0,1407390279,'e10adc3949ba59abbe56e057f20f883e','','',0),(1411,'cpfldlr','cp法律代理人','','cpfldlr',1,1398328668,0,0,'e10adc3949ba59abbe56e057f20f883e','','',0),(1412,'cpfljl','cp法律经理','','cpfljl',1,1398328744,0,1410859317,'e10adc3949ba59abbe56e057f20f883e','','',0),(1413,'cms','c秘书','','cms',1,1398328852,0,0,'261c24ac24e157c124103f2c03665e27','','',0),(1414,'ctdjl','c团队经理','','ctdjl',1,1398328918,0,0,'261c24ac24e157c124103f2c03665e27','','',0),(1415,'csjjl','c省级经理','','csjjl',1,1398329000,0,0,'261c24ac24e157c124103f2c03665e27','','',0),(1416,'cpsjzj','cp事业部总监','','cpsjzj',1,1398329172,0,0,'e10adc3949ba59abbe56e057f20f883e','','',0),(1417,'cbjms','c报件秘书','','cbjms',1,1398330247,0,0,'261c24ac24e157c124103f2c03665e27','','',0),(1418,'cbjzg','c报件主管','','cbjzg',1,1398330329,0,0,'261c24ac24e157c124103f2c03665e27','','',0),(1419,'cflbzcdlr','c法律部支持代理人','','cflbzcdlr',1,1398330376,0,0,'261c24ac24e157c124103f2c03665e27','','',0),(1420,'cflbjl','c法律部经理','','cflbjl',1,1398330408,0,0,'261c24ac24e157c124103f2c03665e27','','',0),(1421,'csybzj','c事业部总监','','csybzj',1,1398330452,0,0,'261c24ac24e157c124103f2c03665e27','','',0),(1422,'cjgw','cj顾问','','cjgw',1,1398387413,0,0,'261c24ac24e157c124103f2c03665e27','','',0),(1423,'cggw','cg顾问','','cggw',1,1399173807,0,1409131622,'e10adc3949ba59abbe56e057f20f883e','','',0),(1424,'AnneBebe','顾问Anne','','AnneBebe',1,1399282241,0,0,'a97d239f4db146ed1178a18e43bd486b','','',0),(1425,'thmgw','唐红梅gw','','thmgw',1,1399600425,0,0,'0255558696d8c613c4483367b220a4e9','','',0),(1426,'Gibson','郭小菲','','Gibson',1,1399604007,0,0,'a97d239f4db146ed1178a18e43bd486b','','',0),(1427,'aaa','aa','','aaa',1,1400146713,0,0,'0b4e7a0e5fe84ad35fb5f95b9ceeac79','','',1400146714),(1428,'WSLGW','weishenglin','','WSLGW',1,1401951784,0,1413792974,'5f1839842f2fb6979bf53490d99fa58e','','',0),(1429,'WSLMS','weishenglin001','','WSLMS',1,1401953884,0,1412043650,'5f1839842f2fb6979bf53490d99fa58e','','',0),(1430,'WSLTD','weishenglin002','','WSLTD',1,1401959318,0,1413356840,'5f1839842f2fb6979bf53490d99fa58e','','',0),(1431,'WSLSJ','weishenglin003','','WSLSJ',1,1401960609,0,1412912122,'5f1839842f2fb6979bf53490d99fa58e','','',0),(1432,'WSLFL','weishenglin004','','WSLFL',1,1401960805,0,1412911600,'5f1839842f2fb6979bf53490d99fa58e','','',0),(1433,'WSLJL','weishenglin005','','WSLJL',1,1401960869,0,0,'5f1839842f2fb6979bf53490d99fa58e','','',0),(1434,'WSLSY','weishenglin006','','WSLSY',1,1401961101,0,0,'5f1839842f2fb6979bf53490d99fa58e','','',0),(1435,'WSLBJMS','weishenglin007','','WSLBJMS',1,1402017909,0,0,'5f1839842f2fb6979bf53490d99fa58e','','',0),(1436,'WSLLA','weishenglin008','','WSLLA',1,1402025659,0,1409795598,'5f1839842f2fb6979bf53490d99fa58e','','',0),(1437,'WSLFLSJR','weishenglin009','','WSLFLSJR',1,1402043401,0,0,'5f1839842f2fb6979bf53490d99fa58e','','',0),(1438,'WSLZJ','weishenglin010','','WSLZJ',1,1402043582,0,0,'5f1839842f2fb6979bf53490d99fa58e','','',0),(1439,'WSLSA1','weishenglin011','','WSLSA1',1,1402043744,0,1412041520,'5f1839842f2fb6979bf53490d99fa58e','','',0),(1440,'WSLSA2','weishenglin012','','WSLSA2',1,1402043798,0,0,'5f1839842f2fb6979bf53490d99fa58e','','',0),(1441,'WSLSA3','weishenglin013','','WSLSA3',1,1402043857,0,1411959673,'5f1839842f2fb6979bf53490d99fa58e','','',0),(1442,'WSLCN','weishenglin014','','WSLCN',1,1402300337,0,1411872395,'5f1839842f2fb6979bf53490d99fa58e','','',0),(1443,'WSLKJ','weishenglin015','','WSLKJ',1,1402300417,0,1413168885,'5f1839842f2fb6979bf53490d99fa58e','','',0),(1444,'mytest','awef12312312','','mytest',1,1402392742,0,0,'e10adc3949ba59abbe56e057f20f883e','','',1402392742),(1445,'development','开发部专用','','development',1,1392791912,0,1415785585,'a97d239f4db146ed1178a18e43bd486b','','',0),(1446,'august_test','august测试','','',1,1402544490,1,0,'a5dd433eefe2e586fc251ec1225fa1c6','619365279@qq.com','',0),(1447,'19417403511@qq.com','csd_customers_tr','','',1,1402550333,1,0,'eb3d45cee733ec6dd6aca17903e26ea0','19417403511@qq.com','13687441474',0),(2500,'cpkj','cp会计','','cpkj',1,0,0,1407466160,'e10adc3949ba59abbe56e057f20f883e','','',0),(2503,'yangxu','杨旭测试','','',1,0,0,1406190566,'a97d239f4db146ed1178a18e43bd486b','','',0),(2504,'tom','曾刚','','tom',1,0,0,1412065503,'a97d239f4db146ed1178a18e43bd486b','','',0),(2802,'cpgwms1','cp官文秘书1','','cpgwms1',1,0,0,1412057104,'e10adc3949ba59abbe56e057f20f883e','','',0),(2803,'cpgwms2','cp官文秘书2','','cpgwms2',1,0,0,1411983932,'e10adc3949ba59abbe56e057f20f883e','','',0),(2804,'cpgwzz','cp官文组长','','cpgwzz',1,0,0,1411984643,'e10adc3949ba59abbe56e057f20f883e','','',0),(2805,'cjggw','cjg顾问','','cjggw',1,1397638005,0,1410336311,'a97d239f4db146ed1178a18e43bd486b','','',0),(2806,'cjgkj','cjg会计','','cjgkj',1,1397638005,0,1410334966,'a97d239f4db146ed1178a18e43bd486b','','',0),(2807,'SC-Darren','王强','','SC-Darren',1,0,0,1411614209,'a6b659939cb765da150be4dbcc4ee17a','','',0),(2809,'tttttt','邓旭测试同步tm3test','','tttttt',1,0,0,0,'1','','',0),(2810,'cpfpy','cp发票员','','cpfpy',1,0,0,1412906325,'e10adc3949ba59abbe56e057f20f883e','','',0),(2811,'cpcwjl','cp财务经理','','cpcwjl',1,0,0,1411890991,'e10adc3949ba59abbe56e057f20f883e','','',0),(2812,'cpcwzg','cp财务主管','','cpcwzg',1,0,0,1411952821,'e10adc3949ba59abbe56e057f20f883e','','',0);
/*!40000 ALTER TABLE `adm_user` ENABLE KEYS */;
UNLOCK TABLES;
/*!40103 SET TIME_ZONE=@OLD_TIME_ZONE */;

/*!40101 SET SQL_MODE=@OLD_SQL_MODE */;
/*!40014 SET FOREIGN_KEY_CHECKS=@OLD_FOREIGN_KEY_CHECKS */;
/*!40014 SET UNIQUE_CHECKS=@OLD_UNIQUE_CHECKS */;
/*!40101 SET CHARACTER_SET_CLIENT=@OLD_CHARACTER_SET_CLIENT */;
/*!40101 SET CHARACTER_SET_RESULTS=@OLD_CHARACTER_SET_RESULTS */;
/*!40101 SET COLLATION_CONNECTION=@OLD_COLLATION_CONNECTION */;
/*!40111 SET SQL_NOTES=@OLD_SQL_NOTES */;

-- Dump completed on 2015-06-23  9:52:38
